城市,行政區,場站名稱,經度,緯度,OSM是否捷運站,OSM是否火車站,OSM是否公車站,OSM是否學校,OSM是否公園,OSM是否商圈,OSM是否醫院,場站,場站分類來源,場站分類狀態,分類版本
新北市,三峽區,三峽中山公園,121.36584,24.93561,False,False,True,True,True,False,True,"公車站,學校,公園,醫院",OpenStreetMap300公尺＋場站名稱,已分類,本機OSM_300公尺_v1
新北市,三峽區,三峽區公所(三峽老街),121.36929,24.9339,False,False,True,True,True,True,False,"公車站,學校,公園,商圈",OpenStreetMap300公尺＋場站名稱,已分類,本機OSM_300公尺_v1
新北市,三峽區,三峽區礁溪行政中心,121.37592,24.92843,False,False,True,True,True,False,False,"公車站,學校,公園",OpenStreetMap300公尺,已分類,本機OSM_300公尺_v1
新北市,三峽區,三峽原住民族生活文化園區,121.36672,24.94565,False,False,False,True,True,False,False,"學校,公園",OpenStreetMap300公尺,已分類,本機OSM_300公尺_v1
新北市,三峽區,三峽國中,121.369,24.9389,True,False,True,True,True,False,False,"捷運站,公車站,學校,公園",OpenStreetMap300公尺＋場站名稱,已分類,本機OSM_300公尺_v1
新北市,三峽區,三峽國光青年社會住宅,121.37686,24.93743,True,False,True,True,True,False,False,"捷運站,公車站,學校,公園",OpenStreetMap300公尺,已分類,本機OSM_300公尺_v1
新北市,三峽區,三峽國小(中山路),121.36779,24.93474,False,False,True,True,True,True,False,"公車站,學校,公園,商圈",OpenStreetMap300公尺＋場站名稱,已分類,本機OSM_300公尺_v1
新北市,三峽區,三樹大學路口,121.37816,24.93951,True,False,True,True,True,False,False,"捷運站,公車站,學校,公園",OpenStreetMap300公尺＋場站名稱,已分類,本機OSM_300公尺_v1
新北市,三峽區,三樹大德路口,121.37871,24.94163,False,False,True,True,True,True,False,"公車站,學校,公園,商圈",OpenStreetMap300公尺,已分類,本機OSM_300公尺_v1
新北市,三峽區,三鶯國民運動中心,121.36858,24.93697,True,False,True,True,True,True,False,"捷運站,公車站,學校,公園,商圈",OpenStreetMap300公尺,已分類,本機OSM_300公尺_v1
新北市,三峽區,三鶯國民運動中心停車場,121.36941,24.93614,False,False,True,True,True,True,False,"公車站,學校,公園,商圈",OpenStreetMap300公尺,已分類,本機OSM_300公尺_v1
新北市,三峽區,中園國小,121.3667403505291,24.927562225588048,False,False,True,True,True,False,False,"公車站,學校,公園",OpenStreetMap300公尺＋場站名稱,已分類,本機OSM_300公尺_v1
新北市,三峽區,中園國小(民權街),121.36767,24.92853,False,False,True,True,True,False,False,"公車站,學校,公園",OpenStreetMap300公尺＋場站名稱,已分類,本機OSM_300公尺_v1
新北市,三峽區,中園街福隆宮,121.36717,24.92239,False,False,True,False,True,True,False,"公車站,公園,商圈",OpenStreetMap300公尺,已分類,本機OSM_300公尺_v1
新北市,三峽區,中山科學研究院,121.35512,24.90328,False,False,True,False,False,False,False,公車站,OpenStreetMap300公尺,已分類,本機OSM_300公尺_v1
新北市,三峽區,中華愛國路口,121.37462,24.9327,False,False,True,True,True,True,True,"公車站,學校,公園,商圈,醫院",OpenStreetMap300公尺,已分類,本機OSM_300公尺_v1
新北市,三峽區,介壽國小,121.37912,24.93026,False,False,True,True,True,False,True,"公車站,學校,公園,醫院",OpenStreetMap300公尺＋場站名稱,已分類,本機OSM_300公尺_v1
新北市,三峽區,光明停車場,121.3741,24.93036,False,False,True,True,True,False,True,"公車站,學校,公園,醫院",OpenStreetMap300公尺,已分類,本機OSM_300公尺_v1
新北市,三峽區,光明路69巷口,121.37726,24.92918,False,False,True,True,True,False,True,"公車站,學校,公園,醫院",OpenStreetMap300公尺,已分類,本機OSM_300公尺_v1
新北市,三峽區,八安大橋(清水街),121.36891,24.92701,False,False,True,True,True,False,False,"公車站,學校,公園",OpenStreetMap300公尺,已分類,本機OSM_300公尺_v1
新北市,三峽區,北大高中,121.37505,24.9492,False,False,True,True,True,False,True,"公車站,學校,公園,醫院",OpenStreetMap300公尺＋場站名稱,已分類,本機OSM_300公尺_v1
新北市,三峽區,國光街330巷口,121.37212,24.93942,False,False,True,True,True,False,False,"公車站,學校,公園",OpenStreetMap300公尺,已分類,本機OSM_300公尺_v1
新北市,三峽區,國慶三樹路口,121.37738,24.93826,True,False,True,True,True,False,False,"捷運站,公車站,學校,公園",OpenStreetMap300公尺,已分類,本機OSM_300公尺_v1
新北市,三峽區,國慶學成路口,121.37397,24.94095,False,False,True,True,True,False,False,"公車站,學校,公園",OpenStreetMap300公尺,已分類,本機OSM_300公尺_v1
新北市,三峽區,國立臺北大學(三峽校區),121.3729,24.94594,False,False,True,True,True,False,True,"公車站,學校,公園,醫院",OpenStreetMap300公尺＋場站名稱,已分類,本機OSM_300公尺_v1
新北市,三峽區,國際二國學街口,121.37233,24.94319,False,False,True,True,True,False,False,"公車站,學校,公園",OpenStreetMap300公尺,已分類,本機OSM_300公尺_v1
新北市,三峽區,大同路270巷口,121.36551,24.92526,False,False,True,True,False,False,False,"公車站,學校",OpenStreetMap300公尺,已分類,本機OSM_300公尺_v1
新北市,三峽區,大學學成路口,121.37521,24.94298,False,False,True,True,True,False,True,"公車站,學校,公園,醫院",OpenStreetMap300公尺＋場站名稱,已分類,本機OSM_300公尺_v1
新北市,三峽區,大德學勤路口,121.37506,24.94634,False,False,True,True,True,False,True,"公車站,學校,公園,醫院",OpenStreetMap300公尺,已分類,本機OSM_300公尺_v1
新北市,三峽區,大智中山路口,121.36059,24.93708,False,False,True,True,False,False,True,"公車站,學校,醫院",OpenStreetMap300公尺,已分類,本機OSM_300公尺_v1
新北市,三峽區,大義三樹路口,121.37899,24.94357,False,False,True,True,True,True,True,"公車站,學校,公園,商圈,醫院",OpenStreetMap300公尺,已分類,本機OSM_300公尺_v1
新北市,三峽區,學勤大觀路口,121.3743,24.94584,False,False,True,True,True,False,True,"公車站,學校,公園,醫院",OpenStreetMap300公尺,已分類,本機OSM_300公尺_v1
新北市,三峽區,學府大學路口,121.3718,24.94779,False,False,True,True,True,False,True,"公車站,學校,公園,醫院",OpenStreetMap300公尺＋場站名稱,已分類,本機OSM_300公尺_v1
新北市,三峽區,學府大德路口,121.37362,24.94864,False,False,True,True,True,False,True,"公車站,學校,公園,醫院",OpenStreetMap300公尺,已分類,本機OSM_300公尺_v1
新北市,三峽區,學成大德路口,121.37634,24.94334,False,False,True,True,True,True,True,"公車站,學校,公園,商圈,醫院",OpenStreetMap300公尺,已分類,本機OSM_300公尺_v1
新北市,三峽區,學成大義路口(學成路一),121.37803,24.94477,False,False,True,True,True,True,True,"公車站,學校,公園,商圈,醫院",OpenStreetMap300公尺,已分類,本機OSM_300公尺_v1
新北市,三峽區,安溪國中,121.37185,24.92638,False,False,True,True,True,False,False,"公車站,學校,公園",OpenStreetMap300公尺＋場站名稱,已分類,本機OSM_300公尺_v1
新北市,三峽區,安溪國小,121.37265,24.93122,False,False,True,True,True,False,True,"公車站,學校,公園,醫院",OpenStreetMap300公尺＋場站名稱,已分類,本機OSM_300公尺_v1
新北市,三峽區,復興民生街口,121.37339809342711,24.936959752151225,False,False,True,True,True,False,False,"公車站,學校,公園",OpenStreetMap300公尺,已分類,本機OSM_300公尺_v1
新北市,三峽區,恩主公醫院,121.36355,24.93891,False,False,True,True,False,False,True,"公車站,學校,醫院",OpenStreetMap300公尺＋場站名稱,已分類,本機OSM_300公尺_v1
新北市,三峽區,捷運三峽站,121.37656,24.93835,True,False,True,True,True,False,False,"捷運站,公車站,學校,公園",OpenStreetMap300公尺＋場站名稱,已分類,本機OSM_300公尺_v1
新北市,三峽區,捷運橫溪站,121.39136,24.93759,True,False,True,False,False,False,False,"捷運站,公車站",OpenStreetMap300公尺＋場站名稱,已分類,本機OSM_300公尺_v1
新北市,三峽區,捷運臺北大學站(1號出口),121.36739,24.93909,True,False,True,True,True,False,False,"捷運站,公車站,學校,公園",OpenStreetMap300公尺＋場站名稱,已分類,本機OSM_300公尺_v1
新北市,三峽區,捷運臺北大學站(2號出口),121.36712,24.93883,True,False,True,True,True,False,False,"捷運站,公車站,學校,公園",OpenStreetMap300公尺＋場站名稱,已分類,本機OSM_300公尺_v1
新北市,三峽區,捷運長壽山站,121.40267,24.94495,True,False,True,False,True,False,False,"捷運站,公車站,公園",OpenStreetMap300公尺＋場站名稱,已分類,本機OSM_300公尺_v1
新北市,三峽區,捷運龍埔站,121.38461,24.9393,True,False,True,False,False,False,False,"捷運站,公車站",OpenStreetMap300公尺＋場站名稱,已分類,本機OSM_300公尺_v1
新北市,三峽區,新北市客家文化園區,121.36034,24.94207,False,False,True,True,True,False,False,"公車站,學校,公園",OpenStreetMap300公尺,已分類,本機OSM_300公尺_v1
新北市,三峽區,明德高中,121.36472,24.90742,False,False,True,True,True,False,False,"公車站,學校,公園",OpenStreetMap300公尺＋場站名稱,已分類,本機OSM_300公尺_v1
新北市,三峽區,民族街78巷口,121.36986,24.93021,False,False,True,True,True,False,False,"公車站,學校,公園",OpenStreetMap300公尺,已分類,本機OSM_300公尺_v1
新北市,三峽區,海洋公園,121.37676,24.94776,False,False,True,True,True,False,True,"公車站,學校,公園,醫院",OpenStreetMap300公尺＋場站名稱,已分類,本機OSM_300公尺_v1
新北市,三峽區,添福里(添福15號之33),121.37254,24.90475,False,False,True,False,False,False,False,公車站,OpenStreetMap300公尺,已分類,本機OSM_300公尺_v1
新北市,三峽區,溪東市民活動中心,121.40753,24.93192,False,False,True,True,True,False,False,"公車站,學校,公園",OpenStreetMap300公尺,已分類,本機OSM_300公尺_v1
新北市,三峽區,臺北大學(音律資訊大樓),121.36992,24.94278,True,False,True,True,True,False,False,"捷運站,公車站,學校,公園",OpenStreetMap300公尺＋場站名稱,已分類,本機OSM_300公尺_v1
新北市,三峽區,臺北大學公共事務大樓(公政大道),121.37121,24.94325,False,False,True,True,True,False,False,"公車站,學校,公園",OpenStreetMap300公尺＋場站名稱,已分類,本機OSM_300公尺_v1
新北市,三峽區,臺北大學公共事務大樓(法商大道),121.37212,24.94363,False,False,True,True,True,False,False,"公車站,學校,公園",OpenStreetMap300公尺＋場站名稱,已分類,本機OSM_300公尺_v1
新北市,三峽區,臺北大學商學院(尋鳶大道),121.37249,24.94557,False,False,True,True,True,False,True,"公車站,學校,公園,醫院",OpenStreetMap300公尺＋場站名稱,已分類,本機OSM_300公尺_v1
新北市,三峽區,臺北大學商學院(法商大道),121.37146,24.94499,False,False,True,True,True,False,False,"公車站,學校,公園",OpenStreetMap300公尺＋場站名稱,已分類,本機OSM_300公尺_v1
新北市,三峽區,臺北大學宿舍(學成路),121.36856,24.94092,True,False,True,True,True,False,False,"捷運站,公車站,學校,公園",OpenStreetMap300公尺＋場站名稱,已分類,本機OSM_300公尺_v1
新北市,三峽區,臺北大學懷德居木師基地,121.36743,24.94334,True,False,True,True,True,False,False,"捷運站,公車站,學校,公園",OpenStreetMap300公尺＋場站名稱,已分類,本機OSM_300公尺_v1
新北市,三峽區,臺北大學法學院(鳶飛大道),121.37333,24.94438,False,False,True,True,True,False,True,"公車站,學校,公園,醫院",OpenStreetMap300公尺＋場站名稱,已分類,本機OSM_300公尺_v1
新北市,三峽區,臺北大學田徑場(體風路),121.36433,24.9395,True,False,True,True,False,False,True,"捷運站,公車站,學校,醫院",OpenStreetMap300公尺＋場站名稱,已分類,本機OSM_300公尺_v1
新北市,三峽區,臺北大學社科院(公政大道),121.3701,24.94441,False,False,False,True,True,False,False,"學校,公園",OpenStreetMap300公尺＋場站名稱,已分類,本機OSM_300公尺_v1
新北市,三峽區,臺北大學社科院(圖資大道),121.36912,24.94396,False,False,False,True,True,False,False,"學校,公園",OpenStreetMap300公尺＋場站名稱,已分類,本機OSM_300公尺_v1
新北市,三峽區,臺北大學蓮池,121.37117,24.94723,False,False,True,True,True,False,True,"公車站,學校,公園,醫院",OpenStreetMap300公尺＋場站名稱,已分類,本機OSM_300公尺_v1
新北市,三峽區,臺北大學行政大樓(公政大道),121.37037,24.94457,False,False,True,True,True,False,False,"公車站,學校,公園",OpenStreetMap300公尺＋場站名稱,已分類,本機OSM_300公尺_v1
新北市,三峽區,臺北大學行政大樓(法商大道),121.3712,24.94494,False,False,True,True,True,False,False,"公車站,學校,公園",OpenStreetMap300公尺＋場站名稱,已分類,本機OSM_300公尺_v1
新北市,三峽區,臺北大學隆恩哨(忘憂路),121.36547,24.94254,False,False,True,True,True,False,False,"公車站,學校,公園",OpenStreetMap300公尺＋場站名稱,已分類,本機OSM_300公尺_v1
新北市,三峽區,臺北大學體育館,121.36688,24.93974,True,False,True,True,True,False,False,"捷運站,公車站,學校,公園",OpenStreetMap300公尺＋場站名稱,已分類,本機OSM_300公尺_v1
新北市,三峽區,薇多綠雅社區(活動中心),121.35727,24.90955,False,False,True,False,False,False,False,公車站,OpenStreetMap300公尺,已分類,本機OSM_300公尺_v1
新北市,三峽區,薇多綠雅社區(警衛亭),121.35816,24.90883,False,False,True,False,False,False,False,公車站,OpenStreetMap300公尺,已分類,本機OSM_300公尺_v1
新北市,三峽區,長泰街40巷口,121.37811,24.93234,False,False,True,True,True,True,True,"公車站,學校,公園,商圈,醫院",OpenStreetMap300公尺,已分類,本機OSM_300公尺_v1
新北市,三峽區,龍埔三樹路98巷口,121.38393,24.93989,True,False,True,False,False,False,False,"捷運站,公車站",OpenStreetMap300公尺,已分類,本機OSM_300公尺_v1
新北市,三峽區,龍埔介壽路口,121.39008,24.93513,True,False,True,False,False,False,False,"捷運站,公車站",OpenStreetMap300公尺,已分類,本機OSM_300公尺_v1
新北市,三峽區,龍埔公園,121.3742,24.93841,True,False,True,True,True,False,False,"捷運站,公車站,學校,公園",OpenStreetMap300公尺＋場站名稱,已分類,本機OSM_300公尺_v1
新北市,三峽區,龍埔國小,121.37676,24.94104,True,False,True,True,True,False,False,"捷運站,公車站,學校,公園",OpenStreetMap300公尺＋場站名稱,已分類,本機OSM_300公尺_v1
新北市,三峽區,龍埔自行車道(民生街1巷),121.37824,24.93455,False,False,True,True,True,False,False,"公車站,學校,公園",OpenStreetMap300公尺,已分類,本機OSM_300公尺_v1
新北市,三峽區,龍恩公園,121.37052,24.94135,True,False,True,True,True,False,False,"捷運站,公車站,學校,公園",OpenStreetMap300公尺＋場站名稱,已分類,本機OSM_300公尺_v1
新北市,三芝區,三生步道,121.51005,25.26815,False,False,True,False,False,False,False,公車站,OpenStreetMap300公尺,已分類,本機OSM_300公尺_v1
新北市,三芝區,三芝兒一公園,121.4994,25.25719,False,False,True,True,True,False,True,"公車站,學校,公園,醫院",OpenStreetMap300公尺＋場站名稱,已分類,本機OSM_300公尺_v1
新北市,三芝區,三芝兒三公園(三民街),121.50499,25.25874,False,False,True,True,True,True,False,"公車站,學校,公園,商圈",OpenStreetMap300公尺＋場站名稱,已分類,本機OSM_300公尺_v1
新北市,三芝區,三芝區公所,121.50082,25.25788,False,False,True,True,True,False,True,"公車站,學校,公園,醫院",OpenStreetMap300公尺,已分類,本機OSM_300公尺_v1
新北市,三芝區,三芝國中,121.50182,25.25898,False,False,True,True,True,False,True,"公車站,學校,公園,醫院",OpenStreetMap300公尺＋場站名稱,已分類,本機OSM_300公尺_v1
新北市,三芝區,櫻花水車公園,121.50125,25.25119,False,False,True,True,True,False,False,"公車站,學校,公園",OpenStreetMap300公尺＋場站名稱,已分類,本機OSM_300公尺_v1
新北市,三芝區,淺水灣,121.47131,25.25232,False,False,True,False,True,False,False,"公車站,公園",OpenStreetMap300公尺,已分類,本機OSM_300公尺_v1
新北市,三芝區,馬偕醫學大學(圓環),121.49571,25.25438,False,False,True,True,False,False,False,"公車站,學校",OpenStreetMap300公尺＋場站名稱,已分類,本機OSM_300公尺_v1
新北市,三芝區,馬偕醫學大學(第二教研大樓),121.49559,25.25303,False,False,True,True,False,False,False,"公車站,學校",OpenStreetMap300公尺＋場站名稱,已分類,本機OSM_300公尺_v1
新北市,三重區,三信集英路口,121.48748,25.08563,False,False,True,True,True,False,False,"公車站,學校,公園",OpenStreetMap300公尺,已分類,本機OSM_300公尺_v1
新北市,三重區,三光國小(金滿意),121.49687,25.05596,False,False,True,True,True,False,False,"公車站,學校,公園",OpenStreetMap300公尺＋場站名稱,已分類,本機OSM_300公尺_v1
新北市,三重區,三和國中(自強路三段110巷),121.48694,25.0748,True,False,True,True,True,False,True,"捷運站,公車站,學校,公園,醫院",OpenStreetMap300公尺＋場站名稱,已分類,本機OSM_300公尺_v1
新北市,三重區,三和慈愛街口,121.48417,25.07814,True,False,True,True,True,False,False,"捷運站,公車站,學校,公園",OpenStreetMap300公尺,已分類,本機OSM_300公尺_v1
新北市,三重區,三和路四段73號旁,121.48977,25.07513,False,False,True,True,True,False,False,"公車站,學校,公園",OpenStreetMap300公尺,已分類,本機OSM_300公尺_v1
新北市,三重區,三和龍門路口,121.4949,25.0718,True,False,True,True,True,True,True,"捷運站,公車站,學校,公園,商圈,醫院",OpenStreetMap300公尺,已分類,本機OSM_300公尺_v1
新北市,三重區,三張公園,121.49094,25.07051,False,False,True,True,True,False,True,"公車站,學校,公園,醫院",OpenStreetMap300公尺＋場站名稱,已分類,本機OSM_300公尺_v1
新北市,三重區,三張地下停車場,121.48981,25.07054,False,False,True,True,True,False,True,"公車站,學校,公園,醫院",OpenStreetMap300公尺,已分類,本機OSM_300公尺_v1
新北市,三重區,三德公園,121.50076924045402,25.075005324200696,False,False,True,True,True,False,False,"公車站,學校,公園",OpenStreetMap300公尺＋場站名稱,已分類,本機OSM_300公尺_v1
新北市,三重區,三重五常公園,121.49615,25.08065,False,False,True,False,True,False,True,"公車站,公園,醫院",OpenStreetMap300公尺＋場站名稱,已分類,本機OSM_300公尺_v1
新北市,三重區,三重區停八停車場,121.47621,25.05365,False,False,False,True,True,False,False,"學校,公園",OpenStreetMap300公尺,已分類,本機OSM_300公尺_v1
新北市,三重區,三重商工,121.48071,25.06868,False,False,True,True,True,False,False,"公車站,學校,公園",OpenStreetMap300公尺,已分類,本機OSM_300公尺_v1
新北市,三重區,三重商工(後竹圍街),121.47976,25.07031,False,False,True,True,True,True,False,"公車站,學校,公園,商圈",OpenStreetMap300公尺,已分類,本機OSM_300公尺_v1
新北市,三重區,三重商工地下停車場,121.48352,25.06966,False,False,True,True,True,False,False,"公車站,學校,公園",OpenStreetMap300公尺,已分類,本機OSM_300公尺_v1
新北市,三重區,三重國民運動中心,121.48849,25.05439,False,False,True,True,True,False,True,"公車站,學校,公園,醫院",OpenStreetMap300公尺,已分類,本機OSM_300公尺_v1
新北市,三重區,三重忠孝公園,121.47932,25.06325,False,False,True,True,True,False,False,"公車站,學校,公園",OpenStreetMap300公尺＋場站名稱,已分類,本機OSM_300公尺_v1
新北市,三重區,三重棒球場,121.4815,25.0613,False,False,True,False,True,False,False,"公車站,公園",OpenStreetMap300公尺,已分類,本機OSM_300公尺_v1
新北市,三重區,三重永豐公園,121.47816,25.07463,False,False,True,True,True,False,False,"公車站,學校,公園",OpenStreetMap300公尺＋場站名稱,已分類,本機OSM_300公尺_v1
新北市,三重區,三重派出所,121.5023,25.06395,True,False,True,True,True,True,True,"捷運站,公車站,學校,公園,商圈,醫院",OpenStreetMap300公尺,已分類,本機OSM_300公尺_v1
新北市,三重區,三重環河陸橋,121.49943,25.08149,False,False,True,False,True,False,True,"公車站,公園,醫院",OpenStreetMap300公尺,已分類,本機OSM_300公尺_v1
新北市,三重區,三重社會福利服務中心,121.49128,25.07781,False,False,True,False,True,False,False,"公車站,公園",OpenStreetMap300公尺,已分類,本機OSM_300公尺_v1
新北市,三重區,三重綜合體育館,121.49193,25.06145,True,False,True,False,True,False,True,"捷運站,公車站,公園,醫院",OpenStreetMap300公尺,已分類,本機OSM_300公尺_v1
新北市,三重區,三重行政中心,121.48823,25.06057,True,False,True,False,True,False,True,"捷運站,公車站,公園,醫院",OpenStreetMap300公尺,已分類,本機OSM_300公尺_v1
新北市,三重區,三重親水公園,121.49039,25.09114,False,False,True,True,True,False,False,"公車站,學校,公園",OpenStreetMap300公尺＋場站名稱,已分類,本機OSM_300公尺_v1
新北市,三重區,三重重陽公園,121.48367,25.05753,True,False,True,True,True,True,False,"捷運站,公車站,學校,公園,商圈",OpenStreetMap300公尺＋場站名稱,已分類,本機OSM_300公尺_v1
新北市,三重區,三重高中,121.49171,25.05478,False,False,True,True,True,True,True,"公車站,學校,公園,商圈,醫院",OpenStreetMap300公尺＋場站名稱,已分類,本機OSM_300公尺_v1
新北市,三重區,中正北路193巷(愛買三重店),121.47599,25.07136,False,False,True,False,True,True,False,"公車站,公園,商圈",OpenStreetMap300公尺,已分類,本機OSM_300公尺_v1
新北市,三重區,中正北路25巷(交響院社區),121.49185,25.06318,True,False,True,True,True,False,True,"捷運站,公車站,學校,公園,醫院",OpenStreetMap300公尺,已分類,本機OSM_300公尺_v1
新北市,三重區,中正北重陽路口,121.48736,25.06417,False,False,True,True,True,True,False,"公車站,學校,公園,商圈",OpenStreetMap300公尺,已分類,本機OSM_300公尺_v1
新北市,三重區,中興北街175巷口,121.4696,25.05595,False,False,True,False,False,False,False,公車站,OpenStreetMap300公尺,已分類,本機OSM_300公尺_v1
新北市,三重區,中興北街42巷17弄,121.46892,25.05006,False,False,True,False,False,False,False,公車站,OpenStreetMap300公尺,已分類,本機OSM_300公尺_v1
新北市,三重區,中興橋(環河南路254巷口),121.49138,25.05052,False,False,True,True,True,False,False,"公車站,學校,公園",OpenStreetMap300公尺,已分類,本機OSM_300公尺_v1
新北市,三重區,二重國中,121.48047,25.06596,False,False,True,True,True,False,False,"公車站,學校,公園",OpenStreetMap300公尺＋場站名稱,已分類,本機OSM_300公尺_v1
新北市,三重區,二重國小,121.47766,25.06598,False,False,True,True,True,False,False,"公車站,學校,公園",OpenStreetMap300公尺＋場站名稱,已分類,本機OSM_300公尺_v1
新北市,三重區,二重埔市民活動中心,121.47492,25.06622,False,False,False,True,True,False,False,"學校,公園",OpenStreetMap300公尺,已分類,本機OSM_300公尺_v1
新北市,三重區,五福里(五華街),121.4939,25.08173,False,False,True,False,True,False,False,"公車站,公園",OpenStreetMap300公尺,已分類,本機OSM_300公尺_v1
新北市,三重區,仁信段平面停車場,121.49629,25.07914,False,False,True,False,True,False,True,"公車站,公園,醫院",OpenStreetMap300公尺,已分類,本機OSM_300公尺_v1
新北市,三重區,仁信段平面停車場(元信一街),121.49692,25.07791,False,False,True,False,True,False,False,"公車站,公園",OpenStreetMap300公尺,已分類,本機OSM_300公尺_v1
新北市,三重區,仁愛仁和街口,121.49569,25.07354,False,False,True,False,True,True,True,"公車站,公園,商圈,醫院",OpenStreetMap300公尺,已分類,本機OSM_300公尺_v1
新北市,三重區,仁愛仁政街145巷口,121.49219,25.07949,False,False,True,False,True,False,False,"公車站,公園",OpenStreetMap300公尺,已分類,本機OSM_300公尺_v1
新北市,三重區,仁愛街112巷,121.49488,25.07486,False,False,True,False,True,False,True,"公車站,公園,醫院",OpenStreetMap300公尺,已分類,本機OSM_300公尺_v1
新北市,三重區,仁愛街422巷口,121.49026,25.08153,False,False,True,True,True,False,True,"公車站,學校,公園,醫院",OpenStreetMap300公尺,已分類,本機OSM_300公尺_v1
新北市,三重區,仁愛街458巷口,121.49015,25.08211,False,False,True,True,True,False,True,"公車站,學校,公園,醫院",OpenStreetMap300公尺,已分類,本機OSM_300公尺_v1
新北市,三重區,仁美街/三和路四段145巷口,121.48636,25.07872,True,False,True,True,True,False,False,"捷運站,公車站,學校,公園",OpenStreetMap300公尺,已分類,本機OSM_300公尺_v1
新北市,三重區,仁義街26巷,121.49811,25.0774,False,False,True,False,True,False,False,"公車站,公園",OpenStreetMap300公尺,已分類,本機OSM_300公尺_v1
新北市,三重區,仁義街37巷元富一街口,121.5003,25.07785,False,False,True,False,True,False,False,"公車站,公園",OpenStreetMap300公尺,已分類,本機OSM_300公尺_v1
新北市,三重區,信義公園,121.49875,25.0648,True,False,True,True,True,True,True,"捷運站,公車站,學校,公園,商圈,醫院",OpenStreetMap300公尺＋場站名稱,已分類,本機OSM_300公尺_v1
新北市,三重區,修德國小,121.49045,25.0653,False,False,True,True,True,True,True,"公車站,學校,公園,商圈,醫院",OpenStreetMap300公尺＋場站名稱,已分類,本機OSM_300公尺_v1
新北市,三重區,修德國小(重陽路三段),121.48895,25.0662,False,False,True,True,True,True,False,"公車站,學校,公園,商圈",OpenStreetMap300公尺＋場站名稱,已分類,本機OSM_300公尺_v1
新北市,三重區,元信二仁愛街口,121.49417,25.07709,False,False,True,False,True,False,False,"公車站,公園",OpenStreetMap300公尺,已分類,本機OSM_300公尺_v1
新北市,三重區,元富一街/仁義街79巷口,121.49955,25.08006,False,False,True,False,True,False,True,"公車站,公園,醫院",OpenStreetMap300公尺,已分類,本機OSM_300公尺_v1
新北市,三重區,先嗇宮,121.47601,25.05119,False,False,False,True,True,False,False,"學校,公園",OpenStreetMap300公尺,已分類,本機OSM_300公尺_v1
新北市,三重區,光復中興北街175巷口(西北側),121.47205,25.05676,False,False,True,False,True,False,False,"公車站,公園",OpenStreetMap300公尺,已分類,本機OSM_300公尺_v1
新北市,三重區,光復興德路口(東南側),121.4721,25.05251,False,False,True,True,False,False,False,"公車站,學校",OpenStreetMap300公尺,已分類,本機OSM_300公尺_v1
新北市,三重區,光復路一段15巷口,121.47213,25.04751,True,False,True,True,True,False,False,"捷運站,公車站,學校,公園",OpenStreetMap300公尺,已分類,本機OSM_300公尺_v1
新北市,三重區,光復路一段99巷口,121.47209,25.05109,True,False,True,True,True,False,False,"捷運站,公車站,學校,公園",OpenStreetMap300公尺,已分類,本機OSM_300公尺_v1
新北市,三重區,光復路二段42巷口,121.47203,25.05452,False,False,True,False,True,False,False,"公車站,公園",OpenStreetMap300公尺,已分類,本機OSM_300公尺_v1
新北市,三重區,光明市場,121.49181,25.05734,True,False,True,True,True,True,True,"捷運站,公車站,學校,公園,商圈,醫院",OpenStreetMap300公尺＋場站名稱,已分類,本機OSM_300公尺_v1
新北市,三重區,光榮國中(秀江街),121.49994,25.07221,False,False,True,True,True,False,False,"公車站,學校,公園",OpenStreetMap300公尺＋場站名稱,已分類,本機OSM_300公尺_v1
新北市,三重區,光興國小,121.49978,25.06027,True,False,True,True,True,False,True,"捷運站,公車站,學校,公園,醫院",OpenStreetMap300公尺＋場站名稱,已分類,本機OSM_300公尺_v1
新北市,三重區,六合公園,121.48759,25.0695,False,False,True,True,True,True,False,"公車站,學校,公園,商圈",OpenStreetMap300公尺＋場站名稱,已分類,本機OSM_300公尺_v1
新北市,三重區,六張公園,121.49405,25.06966,True,False,True,False,True,True,True,"捷運站,公車站,公園,商圈,醫院",OpenStreetMap300公尺＋場站名稱,已分類,本機OSM_300公尺_v1
新北市,三重區,力行地下停車場,121.48287,25.07787,False,False,True,True,True,False,True,"公車站,學校,公園,醫院",OpenStreetMap300公尺,已分類,本機OSM_300公尺_v1
新北市,三重區,力行大勇街口,121.48151,25.07193,False,False,True,True,False,False,False,"公車站,學校",OpenStreetMap300公尺,已分類,本機OSM_300公尺_v1
新北市,三重區,力行路二段91巷口,121.48255,25.07583,False,False,True,True,True,False,False,"公車站,學校,公園",OpenStreetMap300公尺,已分類,本機OSM_300公尺_v1
新北市,三重區,厚德公園,121.4912,25.07199,False,False,True,True,True,False,True,"公車站,學校,公園,醫院",OpenStreetMap300公尺＋場站名稱,已分類,本機OSM_300公尺_v1
新北市,三重區,同安公園,121.49907,25.05732,False,False,True,True,True,False,False,"公車站,學校,公園",OpenStreetMap300公尺＋場站名稱,已分類,本機OSM_300公尺_v1
新北市,三重區,和平公園,121.48571,25.07088,False,False,True,True,True,False,True,"公車站,學校,公園,醫院",OpenStreetMap300公尺＋場站名稱,已分類,本機OSM_300公尺_v1
新北市,三重區,國道車路頭街口,121.48424,25.07307,False,False,True,True,True,False,True,"公車站,學校,公園,醫院",OpenStreetMap300公尺,已分類,本機OSM_300公尺_v1
新北市,三重區,國隆大仁街口,121.492,25.06468,False,False,True,True,True,False,True,"公車站,學校,公園,醫院",OpenStreetMap300公尺,已分類,本機OSM_300公尺_v1
新北市,三重區,大智公園,121.49445,25.06361,False,False,True,True,True,False,True,"公車站,學校,公園,醫院",OpenStreetMap300公尺＋場站名稱,已分類,本機OSM_300公尺_v1
新北市,三重區,太陽公園,121.4856,25.08645,False,False,True,True,True,True,False,"公車站,學校,公園,商圈",OpenStreetMap300公尺＋場站名稱,已分類,本機OSM_300公尺_v1
新北市,三重區,後竹圍市民活動中心,121.48576,25.07246,False,False,True,True,True,False,True,"公車站,學校,公園,醫院",OpenStreetMap300公尺,已分類,本機OSM_300公尺_v1
新北市,三重區,德厚公園,121.47809,25.04883,False,False,False,True,True,True,False,"學校,公園,商圈",OpenStreetMap300公尺＋場站名稱,已分類,本機OSM_300公尺_v1
新北市,三重區,慈化公園,121.48864,25.08461,False,False,True,True,True,False,False,"公車站,學校,公園",OpenStreetMap300公尺＋場站名稱,已分類,本機OSM_300公尺_v1
新北市,三重區,慈愛公園,121.48461,25.08119,False,False,True,False,True,False,False,"公車站,公園",OpenStreetMap300公尺＋場站名稱,已分類,本機OSM_300公尺_v1
新北市,三重區,捷運三和國中站(1號出口),121.4878,25.07588,True,False,True,True,True,False,False,"捷運站,公車站,學校,公園",OpenStreetMap300公尺＋場站名稱,已分類,本機OSM_300公尺_v1
新北市,三重區,捷運三和國中站(2號出口),121.48635,25.07703,True,False,True,True,True,False,False,"捷運站,公車站,學校,公園",OpenStreetMap300公尺＋場站名稱,已分類,本機OSM_300公尺_v1
新北市,三重區,捷運三重國小站,121.49713,25.07042,True,False,True,True,True,True,True,"捷運站,公車站,學校,公園,商圈,醫院",OpenStreetMap300公尺＋場站名稱,已分類,本機OSM_300公尺_v1
新北市,三重區,捷運三重站(1號出口),121.48322,25.05464,True,False,True,True,True,True,True,"捷運站,公車站,學校,公園,商圈,醫院",OpenStreetMap300公尺＋場站名稱,已分類,本機OSM_300公尺_v1
新北市,三重區,捷運三重站(3號出口),121.48474,25.05588,True,False,True,True,True,True,True,"捷運站,公車站,學校,公園,商圈,醫院",OpenStreetMap300公尺＋場站名稱,已分類,本機OSM_300公尺_v1
新北市,三重區,捷運先嗇宮站(2號出口),121.47099,25.04607,True,False,True,False,True,False,False,"捷運站,公車站,公園",OpenStreetMap300公尺＋場站名稱,已分類,本機OSM_300公尺_v1
新北市,三重區,捷運菜寮站(3號出口),121.4922,25.06047,True,False,True,False,True,False,True,"捷運站,公車站,公園,醫院",OpenStreetMap300公尺＋場站名稱,已分類,本機OSM_300公尺_v1
新北市,三重區,文中小停車場,121.48255,25.05899,False,False,True,False,True,False,False,"公車站,公園",OpenStreetMap300公尺,已分類,本機OSM_300公尺_v1
新北市,三重區,新北大道一段57巷口,121.48537,25.06121,False,False,True,False,True,False,False,"公車站,公園",OpenStreetMap300公尺,已分類,本機OSM_300公尺_v1
新北市,三重區,新北大道二段139巷,121.46662,25.05981,False,False,True,False,False,False,False,公車站,OpenStreetMap300公尺,已分類,本機OSM_300公尺_v1
新北市,三重區,新北市立圖書館三重分館,121.49553,25.0661,False,False,True,True,True,False,True,"公車站,學校,公園,醫院",OpenStreetMap300公尺,已分類,本機OSM_300公尺_v1
新北市,三重區,新北高中,121.48953,25.08723,False,False,True,True,True,False,False,"公車站,學校,公園",OpenStreetMap300公尺＋場站名稱,已分類,本機OSM_300公尺_v1
新北市,三重區,明志國中,121.48898,25.0634,False,False,True,True,True,True,True,"公車站,學校,公園,商圈,醫院",OpenStreetMap300公尺＋場站名稱,已分類,本機OSM_300公尺_v1
新北市,三重區,東海高中,121.47942,25.06484,False,False,True,True,True,False,False,"公車站,學校,公園",OpenStreetMap300公尺＋場站名稱,已分類,本機OSM_300公尺_v1
新北市,三重區,格致中學,121.48907,25.07403,False,False,True,True,True,False,True,"公車站,學校,公園,醫院",OpenStreetMap300公尺,已分類,本機OSM_300公尺_v1
新北市,三重區,正義公園,121.49782,25.06855,True,False,True,True,True,True,True,"捷運站,公車站,學校,公園,商圈,醫院",OpenStreetMap300公尺＋場站名稱,已分類,本機OSM_300公尺_v1
新北市,三重區,正義國小地下停車場,121.49491,25.06492,False,False,True,True,True,False,True,"公車站,學校,公園,醫院",OpenStreetMap300公尺＋場站名稱,已分類,本機OSM_300公尺_v1
新北市,三重區,水漾成功一街口,121.48557,25.05004,False,False,True,False,True,True,False,"公車站,公園,商圈",OpenStreetMap300公尺,已分類,本機OSM_300公尺_v1
新北市,三重區,永德市民活動中心,121.48842,25.07285,False,False,True,True,True,False,True,"公車站,學校,公園,醫院",OpenStreetMap300公尺,已分類,本機OSM_300公尺_v1
新北市,三重區,永盛公園,121.4843,25.07613,True,False,True,True,True,False,False,"捷運站,公車站,學校,公園",OpenStreetMap300公尺＋場站名稱,已分類,本機OSM_300公尺_v1
新北市,三重區,永福國小,121.48032,25.07771,True,False,True,True,True,True,True,"捷運站,公車站,學校,公園,商圈,醫院",OpenStreetMap300公尺＋場站名稱,已分類,本機OSM_300公尺_v1
新北市,三重區,永福國小(永福街72巷),121.47985,25.07657,False,False,True,True,True,False,False,"公車站,學校,公園",OpenStreetMap300公尺＋場站名稱,已分類,本機OSM_300公尺_v1
新北市,三重區,河邊北街100巷口,121.50404,25.07043,False,False,False,True,True,False,False,"學校,公園",OpenStreetMap300公尺,已分類,本機OSM_300公尺_v1
新北市,三重區,溪尾街(國道橋下),121.49151,25.07486,False,False,True,True,True,False,True,"公車站,學校,公園,醫院",OpenStreetMap300公尺,已分類,本機OSM_300公尺_v1
新北市,三重區,溪尾街196巷/仁美街口,121.48587,25.0802,False,False,True,False,True,False,False,"公車站,公園",OpenStreetMap300公尺,已分類,本機OSM_300公尺_v1
新北市,三重區,環河福德南路口,121.50217,25.06029,False,False,True,True,True,False,False,"公車站,學校,公園",OpenStreetMap300公尺,已分類,本機OSM_300公尺_v1
新北市,三重區,疏洪東竹圍仔街口,121.4864,25.04861,False,False,False,False,True,False,False,公園,OpenStreetMap300公尺,已分類,本機OSM_300公尺_v1
新北市,三重區,碧華公園,121.48749,25.08374,False,False,True,True,True,False,False,"公車站,學校,公園",OpenStreetMap300公尺＋場站名稱,已分類,本機OSM_300公尺_v1
新北市,三重區,碧華公園(集勇街),121.48554,25.08415,False,False,True,True,True,True,False,"公車站,學校,公園,商圈",OpenStreetMap300公尺＋場站名稱,已分類,本機OSM_300公尺_v1
新北市,三重區,碧華國中(三賢街),121.48832,25.08861,False,False,True,True,True,False,False,"公車站,學校,公園",OpenStreetMap300公尺＋場站名稱,已分類,本機OSM_300公尺_v1
新北市,三重區,神農興德路口(恆美社區),121.47427,25.05333,False,False,False,True,True,False,False,"學校,公園",OpenStreetMap300公尺,已分類,本機OSM_300公尺_v1
新北市,三重區,神農街/光復路二段129巷口,121.47409,25.05899,False,False,True,False,True,False,False,"公車站,公園",OpenStreetMap300公尺,已分類,本機OSM_300公尺_v1
新北市,三重區,穀保家商,121.47103,25.0681,False,False,False,True,True,False,False,"學校,公園",OpenStreetMap300公尺,已分類,本機OSM_300公尺_v1
新北市,三重區,簡仔舍街(河家歡社區),121.48652,25.05138,False,False,True,False,True,False,True,"公車站,公園,醫院",OpenStreetMap300公尺,已分類,本機OSM_300公尺_v1
新北市,三重區,群光公園,121.47404,25.05604,False,False,True,False,True,False,False,"公車站,公園",OpenStreetMap300公尺＋場站名稱,已分類,本機OSM_300公尺_v1
新北市,三重區,翔譽雙子星,121.49292,25.05364,False,False,True,True,True,False,True,"公車站,學校,公園,醫院",OpenStreetMap300公尺,已分類,本機OSM_300公尺_v1
新北市,三重區,聯邦公園,121.48371,25.06445,False,False,True,True,True,True,False,"公車站,學校,公園,商圈",OpenStreetMap300公尺＋場站名稱,已分類,本機OSM_300公尺_v1
新北市,三重區,自強溪尾街口,121.49016,25.07822,False,False,True,False,True,False,False,"公車站,公園",OpenStreetMap300公尺,已分類,本機OSM_300公尺_v1
新北市,三重區,自強臨時平面停車場,121.49515,25.08229,False,False,True,False,True,False,True,"公車站,公園,醫院",OpenStreetMap300公尺,已分類,本機OSM_300公尺_v1
新北市,三重區,自然公園,121.48799,25.08984,False,False,True,True,True,False,False,"公車站,學校,公園",OpenStreetMap300公尺＋場站名稱,已分類,本機OSM_300公尺_v1
新北市,三重區,興德路134號(前),121.47102,25.05287,False,False,True,False,False,False,False,公車站,OpenStreetMap300公尺,已分類,本機OSM_300公尺_v1
新北市,三重區,興穀國小,121.47421,25.04937,True,False,True,True,True,False,False,"捷運站,公車站,學校,公園",OpenStreetMap300公尺＋場站名稱,已分類,本機OSM_300公尺_v1
新北市,三重區,興華公園,121.4831,25.06013,False,False,True,False,True,False,False,"公車站,公園",OpenStreetMap300公尺＋場站名稱,已分類,本機OSM_300公尺_v1
新北市,三重區,藍天大樓,121.47017,25.0531,False,False,True,False,False,False,False,公車站,OpenStreetMap300公尺,已分類,本機OSM_300公尺_v1
新北市,三重區,谷王公園,121.47718,25.05283,False,False,False,True,True,False,False,"學校,公園",OpenStreetMap300公尺＋場站名稱,已分類,本機OSM_300公尺_v1
新北市,三重區,進安公園,121.49377,25.08603,False,False,True,True,True,False,False,"公車站,學校,公園",OpenStreetMap300公尺＋場站名稱,已分類,本機OSM_300公尺_v1
新北市,三重區,重新橋第1市民活動中心,121.48563,25.05355,True,False,True,False,True,True,True,"捷運站,公車站,公園,商圈,醫院",OpenStreetMap300公尺,已分類,本機OSM_300公尺_v1
新北市,三重區,重新路五段(心天匯社區),121.46815,25.04468,True,False,True,True,True,False,False,"捷運站,公車站,學校,公園",OpenStreetMap300公尺,已分類,本機OSM_300公尺_v1
新北市,三重區,重新重安街口,121.48975,25.05844,True,False,True,True,True,True,True,"捷運站,公車站,學校,公園,商圈,醫院",OpenStreetMap300公尺,已分類,本機OSM_300公尺_v1
新北市,三重區,重陽國小,121.48488,25.0662,False,False,True,True,True,True,False,"公車站,學校,公園,商圈",OpenStreetMap300公尺＋場站名稱,已分類,本機OSM_300公尺_v1
新北市,三重區,重陽橋市民活動中心,121.49602,25.08634,False,False,True,True,True,False,False,"公車站,學校,公園",OpenStreetMap300公尺,已分類,本機OSM_300公尺_v1
新北市,三重區,長榮龍濱路口,121.50238,25.06908,False,False,True,True,True,True,False,"公車站,學校,公園,商圈",OpenStreetMap300公尺,已分類,本機OSM_300公尺_v1
新北市,三重區,開元市民活動中心,121.50356,25.06607,False,False,True,True,True,False,True,"公車站,學校,公園,醫院",OpenStreetMap300公尺,已分類,本機OSM_300公尺_v1
新北市,三重區,集成成功路口,121.48821,25.05154,False,False,True,True,False,False,True,"公車站,學校,醫院",OpenStreetMap300公尺,已分類,本機OSM_300公尺_v1
新北市,三重區,集美街58巷口(東北側),121.48833,25.055,False,False,True,True,True,False,True,"公車站,學校,公園,醫院",OpenStreetMap300公尺,已分類,本機OSM_300公尺_v1
新北市,三重區,集賢三信路口(南側),121.49187,25.08861,False,False,True,True,True,False,False,"公車站,學校,公園",OpenStreetMap300公尺,已分類,本機OSM_300公尺_v1
新北市,三重區,頂崁公園,121.4756,25.05493,False,False,False,False,True,False,False,公園,OpenStreetMap300公尺＋場站名稱,已分類,本機OSM_300公尺_v1
新北市,三重區,頂崁街210巷28弄口,121.47586,25.06803,False,False,True,True,True,True,False,"公車站,學校,公園,商圈",OpenStreetMap300公尺,已分類,本機OSM_300公尺_v1
新北市,三重區,龍濱公園,121.50218,25.07298,False,False,True,True,True,False,False,"公車站,學校,公園",OpenStreetMap300公尺＋場站名稱,已分類,本機OSM_300公尺_v1
新北市,三重區,龍門公園,121.49848,25.07482,False,False,True,False,True,False,False,"公車站,公園",OpenStreetMap300公尺＋場站名稱,已分類,本機OSM_300公尺_v1
新北市,三重區,龍門龍濱路口,121.50098,25.07348,False,False,True,True,True,False,False,"公車站,學校,公園",OpenStreetMap300公尺,已分類,本機OSM_300公尺_v1
新北市,中和區,中原中板路口,121.48521,25.01169,False,False,True,False,True,False,False,"公車站,公園",OpenStreetMap300公尺,已分類,本機OSM_300公尺_v1
新北市,中和區,中原五街口,121.48603,25.01086,False,False,True,False,True,False,False,"公車站,公園",OpenStreetMap300公尺,已分類,本機OSM_300公尺_v1
新北市,中和區,中原抽水站,121.48968,25.00985,False,False,True,False,True,False,False,"公車站,公園",OpenStreetMap300公尺,已分類,本機OSM_300公尺_v1
新北市,中和區,中原東街(左岸牡丹園),121.48601,25.01297,False,False,True,True,True,False,False,"公車站,學校,公園",OpenStreetMap300公尺,已分類,本機OSM_300公尺_v1
新北市,中和區,中和公園,121.51435,25.00073,False,False,True,True,True,True,False,"公車站,學校,公園,商圈",OpenStreetMap300公尺＋場站名稱,已分類,本機OSM_300公尺_v1
新北市,中和區,中和公園(安平中安街口),121.51258,24.99856,False,False,True,True,True,False,True,"公車站,學校,公園,醫院",OpenStreetMap300公尺＋場站名稱,已分類,本機OSM_300公尺_v1
新北市,中和區,中和公園(秀安街口),121.51498,25.00218,False,False,True,True,True,True,False,"公車站,學校,公園,商圈",OpenStreetMap300公尺＋場站名稱,已分類,本機OSM_300公尺_v1
新北市,中和區,中和區公所,121.50053,24.99856,False,False,True,True,True,True,True,"公車站,學校,公園,商圈,醫院",OpenStreetMap300公尺,已分類,本機OSM_300公尺_v1
新北市,中和區,中和國民運動中心,121.48758,24.99348,False,False,True,True,True,False,False,"公車站,學校,公園",OpenStreetMap300公尺,已分類,本機OSM_300公尺_v1
新北市,中和區,中和地政事務所,121.5024,24.99039,True,False,True,True,True,False,False,"捷運站,公車站,學校,公園",OpenStreetMap300公尺,已分類,本機OSM_300公尺_v1
新北市,中和區,中和安和路口,121.50602,24.99966,False,False,True,True,True,True,True,"公車站,學校,公園,商圈,醫院",OpenStreetMap300公尺,已分類,本機OSM_300公尺_v1
新北市,中和區,中和慈惠堂,121.47964,24.98153,False,False,False,False,False,False,False,,OpenStreetMap已查詢,300公尺內無七類設施,本機OSM_300公尺_v1
新北市,中和區,中和環球購物中心,121.47422,25.00637,False,False,True,False,True,True,True,"公車站,公園,商圈,醫院",OpenStreetMap300公尺＋場站名稱,已分類,本機OSM_300公尺_v1
新北市,中和區,中和福美公園,121.50265,25.00606,False,False,True,True,True,False,True,"公車站,學校,公園,醫院",OpenStreetMap300公尺＋場站名稱,已分類,本機OSM_300公尺_v1
新北市,中和區,中和自強公園,121.47238,24.99886,False,False,True,True,True,False,False,"公車站,學校,公園",OpenStreetMap300公尺＋場站名稱,已分類,本機OSM_300公尺_v1
新北市,中和區,中和青年社會住宅,121.51918,24.99099,True,False,True,True,True,False,False,"捷運站,公車站,學校,公園",OpenStreetMap300公尺,已分類,本機OSM_300公尺_v1
新北市,中和區,中坑公園,121.48294,24.98515,False,False,True,False,True,False,False,"公車站,公園",OpenStreetMap300公尺＋場站名稱,已分類,本機OSM_300公尺_v1
新北市,中和區,中山橋安街口,121.49253,25.00274,True,False,True,True,True,False,False,"捷運站,公車站,學校,公園",OpenStreetMap300公尺,已分類,本機OSM_300公尺_v1
新北市,中和區,中正路161巷口,121.49935,24.99299,False,False,True,True,True,False,True,"公車站,學校,公園,醫院",OpenStreetMap300公尺,已分類,本機OSM_300公尺_v1
新北市,中和區,中興公園,121.50061,24.98805,False,False,True,True,True,False,False,"公車站,學校,公園",OpenStreetMap300公尺＋場站名稱,已分類,本機OSM_300公尺_v1
新北市,中和區,中興街180巷口,121.49985,24.99098,False,False,True,True,True,False,False,"公車站,學校,公園",OpenStreetMap300公尺,已分類,本機OSM_300公尺_v1
新北市,中和區,佳和公園,121.5032,25.00694,False,False,True,True,True,False,True,"公車站,學校,公園,醫院",OpenStreetMap300公尺＋場站名稱,已分類,本機OSM_300公尺_v1
新北市,中和區,佳和公園(中山路二段64巷5弄),121.50186,25.00435,False,False,True,True,True,False,True,"公車站,學校,公園,醫院",OpenStreetMap300公尺＋場站名稱,已分類,本機OSM_300公尺_v1
新北市,中和區,佳和公園(中山路二段64巷7弄),121.50358,25.00492,False,False,True,True,True,False,True,"公車站,學校,公園,醫院",OpenStreetMap300公尺＋場站名稱,已分類,本機OSM_300公尺_v1
新北市,中和區,元氣大鎮社區,121.479,25.00572,False,False,True,False,True,False,False,"公車站,公園",OpenStreetMap300公尺,已分類,本機OSM_300公尺_v1
新北市,中和區,光之公園,121.48667,25.01184,False,False,True,False,True,False,False,"公車站,公園",OpenStreetMap300公尺＋場站名稱,已分類,本機OSM_300公尺_v1
新北市,中和區,光寶科技中和數位大樓,121.48761,25.00214,False,False,True,False,True,False,False,"公車站,公園",OpenStreetMap300公尺,已分類,本機OSM_300公尺_v1
新北市,中和區,光華橋(保平路),121.50779,25.00467,False,False,True,True,True,False,False,"公車站,學校,公園",OpenStreetMap300公尺,已分類,本機OSM_300公尺_v1
新北市,中和區,南華路56巷,121.50431,24.99706,True,False,True,False,True,True,True,"捷運站,公車站,公園,商圈,醫院",OpenStreetMap300公尺,已分類,本機OSM_300公尺_v1
新北市,中和區,台灣科技公園,121.49115,24.99855,True,False,True,False,True,False,False,"捷運站,公車站,公園",OpenStreetMap300公尺＋場站名稱,已分類,本機OSM_300公尺_v1
新北市,中和區,台灣科技廣場,121.48906,25.00572,True,False,True,False,False,False,False,"捷運站,公車站",OpenStreetMap300公尺,已分類,本機OSM_300公尺_v1
新北市,中和區,台灣電力公司中和服務所,121.50683,24.99149,True,False,True,False,True,False,True,"捷運站,公車站,公園,醫院",OpenStreetMap300公尺,已分類,本機OSM_300公尺_v1
新北市,中和區,和城停車場,121.48917,24.99404,True,False,True,True,True,False,True,"捷運站,公車站,學校,公園,醫院",OpenStreetMap300公尺,已分類,本機OSM_300公尺_v1
新北市,中和區,員勝公園,121.4786,25.0109,False,False,True,True,True,False,True,"公車站,學校,公園,醫院",OpenStreetMap300公尺＋場站名稱,已分類,本機OSM_300公尺_v1
新北市,中和區,員山市場臨時平面停車場,121.48063,25.00676,False,False,True,False,True,False,False,"公車站,公園,商圈",OpenStreetMap300公尺＋場站名稱,已分類,本機OSM_300公尺_v1
新北市,中和區,員山路36巷口,121.48211,24.9908,False,False,True,False,True,False,False,"公車站,公園",OpenStreetMap300公尺,已分類,本機OSM_300公尺_v1
新北市,中和區,嘉穗公園,121.4784,24.99566,True,False,True,True,True,False,False,"捷運站,公車站,學校,公園",OpenStreetMap300公尺＋場站名稱,已分類,本機OSM_300公尺_v1
新北市,中和區,國光街圓環小公園,121.46987,25.00135,False,False,True,True,True,False,False,"公車站,學校,公園",OpenStreetMap300公尺＋場站名稱,已分類,本機OSM_300公尺_v1
新北市,中和區,圓通綠廊,121.49711,24.9945,False,False,True,True,True,False,True,"公車站,學校,公園,醫院",OpenStreetMap300公尺,已分類,本機OSM_300公尺_v1
新北市,中和區,圓通路335巷33弄,121.49303,24.98899,False,False,True,True,True,False,True,"公車站,學校,公園,醫院",OpenStreetMap300公尺,已分類,本機OSM_300公尺_v1
新北市,中和區,圓通路369巷口,121.48737,24.98852,False,False,True,True,True,False,False,"公車站,學校,公園",OpenStreetMap300公尺,已分類,本機OSM_300公尺_v1
新北市,中和區,圓通錦和路口,121.49125,24.98955,False,False,True,True,True,False,False,"公車站,學校,公園",OpenStreetMap300公尺,已分類,本機OSM_300公尺_v1
新北市,中和區,壽德新村,121.46536,24.99548,False,False,True,True,True,False,True,"公車站,學校,公園,醫院",OpenStreetMap300公尺,已分類,本機OSM_300公尺_v1
新北市,中和區,大仁街20巷口,121.52008,24.9934,False,False,True,True,True,True,True,"公車站,學校,公園,商圈,醫院",OpenStreetMap300公尺,已分類,本機OSM_300公尺_v1
新北市,中和區,大勇立人街口,121.5175,24.99397,True,False,True,True,True,True,False,"捷運站,公車站,學校,公園,商圈",OpenStreetMap300公尺,已分類,本機OSM_300公尺_v1
新北市,中和區,安和安樂路口,121.51196,24.99344,False,False,True,True,True,True,True,"公車站,學校,公園,商圈,醫院",OpenStreetMap300公尺,已分類,本機OSM_300公尺_v1
新北市,中和區,安平橋,121.50936,24.99474,False,False,True,True,True,False,True,"公車站,學校,公園,醫院",OpenStreetMap300公尺,已分類,本機OSM_300公尺_v1
新北市,中和區,安樂宜安路口,121.51351,24.99527,False,False,True,True,True,True,True,"公車站,學校,公園,商圈,醫院",OpenStreetMap300公尺,已分類,本機OSM_300公尺_v1
新北市,中和區,安邦公園,121.49651,24.99678,False,False,True,True,True,False,True,"公車站,學校,公園,醫院",OpenStreetMap300公尺＋場站名稱,已分類,本機OSM_300公尺_v1
新北市,中和區,安邦段青年社會住宅,121.49542,24.9989,True,False,True,True,True,True,True,"捷運站,公車站,學校,公園,商圈,醫院",OpenStreetMap300公尺,已分類,本機OSM_300公尺_v1
新北市,中和區,審計人員訓練大樓,121.50956,24.98184,False,False,True,True,True,False,False,"公車站,學校,公園",OpenStreetMap300公尺,已分類,本機OSM_300公尺_v1
新北市,中和區,山北公園,121.50014,25.00653,False,False,True,False,True,False,False,"公車站,公園",OpenStreetMap300公尺＋場站名稱,已分類,本機OSM_300公尺_v1
新北市,中和區,建二建三路口,121.4868,25.00369,False,False,True,False,False,False,False,公車站,OpenStreetMap300公尺,已分類,本機OSM_300公尺_v1
新北市,中和區,建六中正路口,121.48526,25.00223,False,False,True,False,True,False,False,"公車站,公園",OpenStreetMap300公尺,已分類,本機OSM_300公尺_v1
新北市,中和區,德光國光街口,121.46809,25.00314,False,False,True,True,False,False,False,"公車站,學校",OpenStreetMap300公尺,已分類,本機OSM_300公尺_v1
新北市,中和區,德光莒光路口,121.47178,25.0047,False,False,True,False,True,True,True,"公車站,公園,商圈,醫院",OpenStreetMap300公尺,已分類,本機OSM_300公尺_v1
新北市,中和區,捷運中原站,121.48486,25.00765,True,False,True,False,True,False,False,"捷運站,公車站,公園",OpenStreetMap300公尺＋場站名稱,已分類,本機OSM_300公尺_v1
新北市,中和區,捷運中和站,121.49587,25.00221,True,False,True,True,True,True,True,"捷運站,公車站,學校,公園,商圈,醫院",OpenStreetMap300公尺＋場站名稱,已分類,本機OSM_300公尺_v1
新北市,中和區,捷運南勢角站(4號出口),121.50998,24.98942,True,False,True,True,False,True,True,"捷運站,公車站,學校,商圈,醫院",OpenStreetMap300公尺＋場站名稱,已分類,本機OSM_300公尺_v1
新北市,中和區,捷運景安站,121.50472,24.99352,True,False,True,False,True,False,True,"捷運站,公車站,公園,醫院",OpenStreetMap300公尺＋場站名稱,已分類,本機OSM_300公尺_v1
新北市,中和區,捷運景平站,121.51563,24.99202,True,False,True,True,True,True,False,"捷運站,公車站,學校,公園,商圈",OpenStreetMap300公尺＋場站名稱,已分類,本機OSM_300公尺_v1
新北市,中和區,捷運景平站(景平路278巷口),121.51513,24.99244,True,False,True,True,True,True,True,"捷運站,公車站,學校,公園,商圈,醫院",OpenStreetMap300公尺＋場站名稱,已分類,本機OSM_300公尺_v1
新北市,中和區,捷運橋和站,121.49082,25.00381,True,False,True,False,True,False,False,"捷運站,公車站,公園",OpenStreetMap300公尺＋場站名稱,已分類,本機OSM_300公尺_v1
新北市,中和區,捷運永安市場站,121.51111,25.00049,True,False,True,True,True,True,False,"捷運站,公車站,學校,公園,商圈",OpenStreetMap300公尺＋場站名稱,已分類,本機OSM_300公尺_v1
新北市,中和區,捷運秀朗橋站,121.52496,24.99045,True,False,True,False,True,True,True,"捷運站,公車站,公園,商圈,醫院",OpenStreetMap300公尺＋場站名稱,已分類,本機OSM_300公尺_v1
新北市,中和區,新北市立中和高級中學,121.4786,24.99424,True,False,True,True,True,False,False,"捷運站,公車站,學校,公園",OpenStreetMap300公尺,已分類,本機OSM_300公尺_v1
新北市,中和區,新生街112巷口(欽禾社區),121.48345,25.00273,False,False,True,False,True,False,False,"公車站,公園",OpenStreetMap300公尺,已分類,本機OSM_300公尺_v1
新北市,中和區,景安板南路口,121.50424,24.99228,True,False,True,False,True,False,True,"捷運站,公車站,公園,醫院",OpenStreetMap300公尺,已分類,本機OSM_300公尺_v1
新北市,中和區,景平橋和路口,121.49479,25.00672,False,False,True,False,True,False,False,"公車站,公園",OpenStreetMap300公尺,已分類,本機OSM_300公尺_v1
新北市,中和區,景新國小,121.5148,24.98893,False,False,True,True,True,True,False,"公車站,學校,公園,商圈",OpenStreetMap300公尺＋場站名稱,已分類,本機OSM_300公尺_v1
新北市,中和區,景新立體停車場,121.51301,24.98985,True,False,True,True,True,True,False,"捷運站,公車站,學校,公園,商圈",OpenStreetMap300公尺,已分類,本機OSM_300公尺_v1
新北市,中和區,景本里集會所,121.51326,24.98933,False,False,True,True,True,True,False,"公車站,學校,公園,商圈",OpenStreetMap300公尺,已分類,本機OSM_300公尺_v1
新北市,中和區,板南立言街口,121.48791,25.00655,False,False,True,False,True,False,False,"公車站,公園",OpenStreetMap300公尺,已分類,本機OSM_300公尺_v1
新北市,中和區,板南路492號,121.48582,25.00754,True,False,True,False,True,False,False,"捷運站,公車站,公園",OpenStreetMap300公尺,已分類,本機OSM_300公尺_v1
新北市,中和區,民享藝文特區,121.47529,25.00354,False,False,True,False,True,True,True,"公車站,公園,商圈,醫院",OpenStreetMap300公尺,已分類,本機OSM_300公尺_v1
新北市,中和區,民德立體停車場,121.46836,24.99909,False,False,True,True,True,True,False,"公車站,學校,公園,商圈",OpenStreetMap300公尺,已分類,本機OSM_300公尺_v1
新北市,中和區,民德路口,121.46885,25.00203,False,False,True,False,True,False,False,"公車站,公園",OpenStreetMap300公尺,已分類,本機OSM_300公尺_v1
新北市,中和區,民有公園,121.47468,25.00863,False,False,True,True,True,True,True,"公車站,學校,公園,商圈,醫院",OpenStreetMap300公尺＋場站名稱,已分類,本機OSM_300公尺_v1
新北市,中和區,民樂人行廣場,121.48265,25.00184,False,False,True,True,True,False,True,"公車站,學校,公園,醫院",OpenStreetMap300公尺,已分類,本機OSM_300公尺_v1
新北市,中和區,民樂停車場,121.48391,25.00134,False,False,True,True,True,False,True,"公車站,學校,公園,醫院",OpenStreetMap300公尺,已分類,本機OSM_300公尺_v1
新北市,中和區,水之公園,121.48411,25.013,False,False,True,True,True,False,False,"公車站,學校,公園",OpenStreetMap300公尺＋場站名稱,已分類,本機OSM_300公尺_v1
新北市,中和區,水源路29巷/光華街口,121.50429,25.00414,False,False,True,True,True,False,True,"公車站,學校,公園,醫院",OpenStreetMap300公尺,已分類,本機OSM_300公尺_v1
新北市,中和區,漳和國中,121.50505,25.00244,False,False,True,True,True,False,True,"公車站,學校,公園,醫院",OpenStreetMap300公尺＋場站名稱,已分類,本機OSM_300公尺_v1
新北市,中和區,烘爐地山下籃球場,121.4987,24.9798,False,False,True,False,False,False,False,公車站,OpenStreetMap300公尺,已分類,本機OSM_300公尺_v1
新北市,中和區,環河西路三段(日安社區),121.49321,25.00774,False,False,True,False,True,False,False,"公車站,公園",OpenStreetMap300公尺,已分類,本機OSM_300公尺_v1
新北市,中和區,瓦磘溝(福真里),121.49439,25.00402,True,False,True,True,True,True,True,"捷運站,公車站,學校,公園,商圈,醫院",OpenStreetMap300公尺,已分類,本機OSM_300公尺_v1
新北市,中和區,碧河宮,121.49314,24.99665,False,False,True,False,True,False,False,"公車站,公園",OpenStreetMap300公尺,已分類,本機OSM_300公尺_v1
新北市,中和區,碧河里公園(建康路),121.49171,25.00013,False,False,True,False,True,False,False,"公車站,公園",OpenStreetMap300公尺＋場站名稱,已分類,本機OSM_300公尺_v1
新北市,中和區,福和宮,121.50195,25.00111,False,False,True,True,True,True,True,"公車站,學校,公園,商圈,醫院",OpenStreetMap300公尺,已分類,本機OSM_300公尺_v1
新北市,中和區,福祥永和路口,121.49938,25.00365,False,False,True,False,True,False,True,"公車站,公園,醫院",OpenStreetMap300公尺,已分類,本機OSM_300公尺_v1
新北市,中和區,福祥里(中和溝),121.49957,25.00593,False,False,True,False,True,False,False,"公車站,公園",OpenStreetMap300公尺,已分類,本機OSM_300公尺_v1
新北市,中和區,秀山公園(北側),121.52327,24.99592,False,False,True,True,True,True,True,"公車站,學校,公園,商圈,醫院",OpenStreetMap300公尺＋場站名稱,已分類,本機OSM_300公尺_v1
新北市,中和區,秀山國小,121.52192,24.99612,False,False,True,True,True,True,True,"公車站,學校,公園,商圈,醫院",OpenStreetMap300公尺＋場站名稱,已分類,本機OSM_300公尺_v1
新北市,中和區,秀朗成功路口,121.52655,24.9956,False,False,True,False,True,False,False,"公車站,公園",OpenStreetMap300公尺,已分類,本機OSM_300公尺_v1
新北市,中和區,秀朗路三段10巷12弄,121.52567,24.99719,False,False,True,False,True,True,False,"公車站,公園,商圈",OpenStreetMap300公尺,已分類,本機OSM_300公尺_v1
新北市,中和區,積穗國中,121.47808,24.99977,False,False,True,True,True,False,False,"公車站,學校,公園",OpenStreetMap300公尺＋場站名稱,已分類,本機OSM_300公尺_v1
新北市,中和區,興南路二段231巷口,121.5035,24.98229,False,False,True,True,True,False,False,"公車站,學校,公園",OpenStreetMap300公尺,已分類,本機OSM_300公尺_v1
新北市,中和區,興南路二段34巷口,121.50701,24.98539,False,False,True,True,True,True,False,"公車站,學校,公園,商圈",OpenStreetMap300公尺,已分類,本機OSM_300公尺_v1
新北市,中和區,莒光德光路口,121.47223,25.00429,False,False,True,False,True,True,True,"公車站,公園,商圈,醫院",OpenStreetMap300公尺,已分類,本機OSM_300公尺_v1
新北市,中和區,莒光華安街口,121.46876,24.99467,True,False,True,True,True,False,False,"捷運站,公車站,學校,公園",OpenStreetMap300公尺,已分類,本機OSM_300公尺_v1
新北市,中和區,莒光路136巷口,121.47261,25.00133,False,False,True,True,True,True,False,"公車站,學校,公園,商圈",OpenStreetMap300公尺,已分類,本機OSM_300公尺_v1
新北市,中和區,華夏科技大學,121.50765,24.98067,False,False,True,True,True,False,False,"公車站,學校,公園",OpenStreetMap300公尺＋場站名稱,已分類,本機OSM_300公尺_v1
新北市,中和區,華夏科技大學(華新街),121.50785,24.98247,False,False,True,True,True,True,False,"公車站,學校,公園,商圈",OpenStreetMap300公尺＋場站名稱,已分類,本機OSM_300公尺_v1
新北市,中和區,華新街109巷11弄,121.50873,24.97996,False,False,True,True,True,False,False,"公車站,學校,公園",OpenStreetMap300公尺,已分類,本機OSM_300公尺_v1
新北市,中和區,華新街143巷,121.50632,24.97942,False,False,True,True,True,False,False,"公車站,學校,公園",OpenStreetMap300公尺,已分類,本機OSM_300公尺_v1
新北市,中和區,華福公園,121.46529,24.99728,False,False,True,True,True,True,True,"公車站,學校,公園,商圈,醫院",OpenStreetMap300公尺＋場站名稱,已分類,本機OSM_300公尺_v1
新北市,中和區,華福市民活動中心,121.46753,24.99548,True,False,True,True,True,False,False,"捷運站,公車站,學校,公園",OpenStreetMap300公尺,已分類,本機OSM_300公尺_v1
新北市,中和區,連城路469巷21弄,121.48432,24.99508,False,False,True,False,True,True,False,"公車站,公園,商圈",OpenStreetMap300公尺,已分類,本機OSM_300公尺_v1
新北市,中和區,遠東世紀廣場C棟,121.48645,24.99853,False,False,True,False,True,True,True,"公車站,公園,商圈,醫院",OpenStreetMap300公尺,已分類,本機OSM_300公尺_v1
新北市,中和區,遠雄左岸,121.48808,25.00983,False,False,True,False,True,False,False,"公車站,公園",OpenStreetMap300公尺,已分類,本機OSM_300公尺_v1
新北市,中和區,錦和運動公園,121.49073,24.99213,False,False,True,True,True,False,True,"公車站,學校,公園,醫院",OpenStreetMap300公尺＋場站名稱,已分類,本機OSM_300公尺_v1
新北市,中和區,錦和高中,121.49076,24.99351,False,False,True,True,True,False,True,"公車站,學校,公園,醫院",OpenStreetMap300公尺＋場站名稱,已分類,本機OSM_300公尺_v1
新北市,中和區,雙和醫院,121.49411,24.99367,False,False,True,True,True,False,True,"公車站,學校,公園,醫院",OpenStreetMap300公尺＋場站名稱,已分類,本機OSM_300公尺_v1
新北市,中和區,雙和醫院(圓通路252巷口),121.49373,24.99092,False,False,True,True,True,False,True,"公車站,學校,公園,醫院",OpenStreetMap300公尺＋場站名稱,已分類,本機OSM_300公尺_v1
新北市,中和區,飛駝二村,121.51138,24.9836,False,False,True,True,True,False,False,"公車站,學校,公園",OpenStreetMap300公尺,已分類,本機OSM_300公尺_v1
新北市,中和區,飛駝社區(興南路),121.50483,24.98347,False,False,True,True,True,True,False,"公車站,學校,公園,商圈",OpenStreetMap300公尺,已分類,本機OSM_300公尺_v1
新北市,五股區,中興路二段37巷口,121.4624,25.0754,False,False,True,False,True,False,False,"公車站,公園",OpenStreetMap300公尺,已分類,本機OSM_300公尺_v1
新北市,五股區,五工二五工一路口(泰博科技),121.45362,25.07155,False,False,True,False,True,False,False,"公車站,公園",OpenStreetMap300公尺,已分類,本機OSM_300公尺_v1
新北市,五股區,五工五五權路口,121.4497,25.0665,False,False,True,False,False,False,False,公車站,OpenStreetMap300公尺,已分類,本機OSM_300公尺_v1
新北市,五股區,五股國民運動中心,121.44832,25.09537,False,False,True,False,True,False,False,"公車站,公園",OpenStreetMap300公尺,已分類,本機OSM_300公尺_v1
新北市,五股區,五股工商立體停車場,121.43955,25.08245,False,False,True,True,True,False,False,"公車站,學校,公園",OpenStreetMap300公尺,已分類,本機OSM_300公尺_v1
新北市,五股區,五股戶政事務所,121.44561,25.09155,False,False,True,False,True,False,False,"公車站,公園",OpenStreetMap300公尺,已分類,本機OSM_300公尺_v1
新北市,五股區,五股環保藝術公園(芳洲路),121.44308,25.08425,False,False,True,False,True,False,False,"公車站,公園",OpenStreetMap300公尺＋場站名稱,已分類,本機OSM_300公尺_v1
新北市,五股區,五股郵局,121.45098,25.10165,False,False,True,True,True,True,True,"公車站,學校,公園,商圈,醫院",OpenStreetMap300公尺,已分類,本機OSM_300公尺_v1
新北市,五股區,公五公園,121.44529,25.08655,False,False,True,False,True,False,False,"公車站,公園",OpenStreetMap300公尺＋場站名稱,已分類,本機OSM_300公尺_v1
新北市,五股區,凌雲路一段158巷口,121.44818,25.10356,False,False,True,True,True,True,False,"公車站,學校,公園,商圈",OpenStreetMap300公尺,已分類,本機OSM_300公尺_v1
新北市,五股區,台北得意GO,121.46769,25.07429,False,False,True,False,False,False,False,公車站,OpenStreetMap300公尺,已分類,本機OSM_300公尺_v1
新北市,五股區,御史路1巷,121.442,25.0904,False,False,True,False,True,False,False,"公車站,公園",OpenStreetMap300公尺,已分類,本機OSM_300公尺_v1
新北市,五股區,德泰公園,121.43505,25.06812,False,False,True,False,True,False,False,"公車站,公園",OpenStreetMap300公尺＋場站名稱,已分類,本機OSM_300公尺_v1
新北市,五股區,德音國小,121.43564,25.07198,False,False,True,True,True,False,False,"公車站,學校,公園",OpenStreetMap300公尺＋場站名稱,已分類,本機OSM_300公尺_v1
新北市,五股區,成功運動公園,121.44472,25.09283,False,False,True,False,True,False,False,"公車站,公園",OpenStreetMap300公尺＋場站名稱,已分類,本機OSM_300公尺_v1
新北市,五股區,成州停車場,121.44836,25.10013,False,False,True,True,True,True,False,"公車站,學校,公園,商圈",OpenStreetMap300公尺,已分類,本機OSM_300公尺_v1
新北市,五股區,成州國小,121.4509,25.09952,False,False,True,True,True,True,True,"公車站,學校,公園,商圈,醫院",OpenStreetMap300公尺＋場站名稱,已分類,本機OSM_300公尺_v1
新北市,五股區,成州派出所,121.44785,25.09155,False,False,True,False,True,False,False,"公車站,公園",OpenStreetMap300公尺,已分類,本機OSM_300公尺_v1
新北市,五股區,成德公園,121.45282,25.10484,False,False,True,False,True,False,False,"公車站,公園",OpenStreetMap300公尺＋場站名稱,已分類,本機OSM_300公尺_v1
新北市,五股區,成泰路4段22巷,121.456,25.1083,False,False,True,False,False,False,False,公車站,OpenStreetMap300公尺,已分類,本機OSM_300公尺_v1
新北市,五股區,成泰路一段(中油),121.43555,25.07785,False,False,True,False,True,False,False,"公車站,公園",OpenStreetMap300公尺,已分類,本機OSM_300公尺_v1
新北市,五股區,新五路二段299號,121.44361,25.08707,False,False,True,False,True,False,False,"公車站,公園",OpenStreetMap300公尺,已分類,本機OSM_300公尺_v1
新北市,五股區,新北市勞工活動中心,121.451,25.0615,False,False,True,False,True,True,False,"公車站,公園,商圈",OpenStreetMap300公尺,已分類,本機OSM_300公尺_v1
新北市,五股區,新北市工商展覽中心,121.44761,25.06433,False,False,True,False,False,False,False,公車站,OpenStreetMap300公尺,已分類,本機OSM_300公尺_v1
新北市,五股區,新北市立圖書館五股成功分館,121.44685,25.09472,False,False,True,False,True,False,False,"公車站,公園",OpenStreetMap300公尺,已分類,本機OSM_300公尺_v1
新北市,五股區,新城一路(守讓堂),121.4407,25.08373,False,False,True,False,True,False,False,"公車站,公園",OpenStreetMap300公尺,已分類,本機OSM_300公尺_v1
新北市,五股區,民義公園,121.43474837941864,25.0881901704169,False,False,True,False,True,False,False,"公車站,公園",OpenStreetMap300公尺＋場站名稱,已分類,本機OSM_300公尺_v1
新北市,五股區,永安橋下停車場,121.44905,25.07978,False,False,False,False,True,False,False,公園,OpenStreetMap300公尺,已分類,本機OSM_300公尺_v1
新北市,五股區,獅子頭山水匯集廣場,121.45769,25.11171,False,False,False,False,True,False,False,公園,OpenStreetMap300公尺,已分類,本機OSM_300公尺_v1
新北市,五股區,芳洲八路,121.44631,25.0888,False,False,True,False,True,False,False,"公車站,公園",OpenStreetMap300公尺,已分類,本機OSM_300公尺_v1
新北市,五股區,貿商國宅,121.43068,25.06939,False,False,True,False,True,False,False,"公車站,公園",OpenStreetMap300公尺,已分類,本機OSM_300公尺_v1
新北市,五股區,陸光國宅,121.43232,25.08832,False,False,True,False,True,False,False,"公車站,公園",OpenStreetMap300公尺,已分類,本機OSM_300公尺_v1
新北市,八里區,下庄市場,121.3999,25.14678,False,False,True,False,True,False,False,"公車站,公園,商圈",OpenStreetMap300公尺＋場站名稱,已分類,本機OSM_300公尺_v1
新北市,八里區,中山賢一街口,121.42144,25.15916,False,False,True,True,True,False,False,"公車站,學校,公園",OpenStreetMap300公尺,已分類,本機OSM_300公尺_v1
新北市,八里區,八里中庄市場綜合大樓,121.41407,25.15993,False,False,True,False,True,False,False,"公車站,公園,商圈",OpenStreetMap300公尺＋場站名稱,已分類,本機OSM_300公尺_v1
新北市,八里區,八里停五平面停車場,121.41758,25.15779,False,False,True,True,True,False,False,"公車站,學校,公園",OpenStreetMap300公尺,已分類,本機OSM_300公尺_v1
新北市,八里區,八里區民活動中心,121.40126,25.14933,False,False,True,True,True,False,False,"公車站,學校,公園",OpenStreetMap300公尺,已分類,本機OSM_300公尺_v1
新北市,八里區,八里國小,121.4026,25.14896,False,False,True,True,True,False,False,"公車站,學校,公園",OpenStreetMap300公尺＋場站名稱,已分類,本機OSM_300公尺_v1
新北市,八里區,八里左岸自行車道(4.4K福德宮),121.44789,25.14315,False,False,True,False,False,False,False,公車站,OpenStreetMap300公尺,已分類,本機OSM_300公尺_v1
新北市,八里區,八里文化公園(棒球場),121.41251,25.16359,False,False,True,False,True,False,False,"公車站,公園",OpenStreetMap300公尺＋場站名稱,已分類,本機OSM_300公尺_v1
新北市,八里區,八里文昌五街,121.41342,25.15592,False,False,True,False,True,False,False,"公車站,公園",OpenStreetMap300公尺,已分類,本機OSM_300公尺_v1
新北市,八里區,八里福朋喜來登酒店,121.42945,25.15922,False,False,True,False,True,False,False,"公車站,公園",OpenStreetMap300公尺,已分類,本機OSM_300公尺_v1
新北市,八里區,八里行政中心,121.40721,25.15397,False,False,True,False,True,False,False,"公車站,公園",OpenStreetMap300公尺,已分類,本機OSM_300公尺_v1
新北市,八里區,十三行博物館,121.406,25.157,False,False,True,False,True,False,False,"公車站,公園",OpenStreetMap300公尺,已分類,本機OSM_300公尺_v1
新北市,八里區,商港一十三行路口,121.40558,25.15483,False,False,True,False,True,False,False,"公車站,公園",OpenStreetMap300公尺,已分類,本機OSM_300公尺_v1
新北市,八里區,商港三頂罟二路口,121.40168,25.15333,False,False,False,False,True,False,False,公園,OpenStreetMap300公尺,已分類,本機OSM_300公尺_v1
新北市,八里區,商港公園(商港七商港一路口),121.39841,25.14916,False,False,True,False,True,False,False,"公車站,公園",OpenStreetMap300公尺＋場站名稱,已分類,本機OSM_300公尺_v1
新北市,八里區,商港公園(商港八商港一路口),121.40026,25.15039,False,False,True,True,True,False,False,"公車站,學校,公園",OpenStreetMap300公尺＋場站名稱,已分類,本機OSM_300公尺_v1
新北市,八里區,商港六商港三路口,121.39589,25.14968,False,False,False,False,True,False,False,公園,OpenStreetMap300公尺,已分類,本機OSM_300公尺_v1
新北市,八里區,大崁國小,121.41938,25.16064,False,False,True,True,True,False,False,"公車站,學校,公園",OpenStreetMap300公尺＋場站名稱,已分類,本機OSM_300公尺_v1
新北市,八里區,挖仔尾自然生態保留區,121.41586,25.16419,False,False,True,False,True,False,False,"公車站,公園",OpenStreetMap300公尺,已分類,本機OSM_300公尺_v1
新北市,八里區,文昌公園,121.41033,25.15709,False,False,True,False,True,False,False,"公車站,公園",OpenStreetMap300公尺＋場站名稱,已分類,本機OSM_300公尺_v1
新北市,八里區,水興公,121.42509,25.16208,False,False,True,False,True,False,False,"公車站,公園",OpenStreetMap300公尺,已分類,本機OSM_300公尺_v1
新北市,八里區,渡船頭平面停車場,121.43527,25.15687,False,False,True,False,True,False,False,"公車站,公園",OpenStreetMap300公尺,已分類,本機OSM_300公尺_v1
新北市,八里區,片仔溝公園,121.40581,25.1502,False,False,True,True,True,False,False,"公車站,學校,公園",OpenStreetMap300公尺＋場站名稱,已分類,本機OSM_300公尺_v1
新北市,八里區,狀元公園,121.41036,25.1545,False,False,True,False,True,False,False,"公車站,公園",OpenStreetMap300公尺＋場站名稱,已分類,本機OSM_300公尺_v1
新北市,八里區,訊塘廣場(義民中華路口),121.39564,25.14256,False,False,True,False,True,False,False,"公車站,公園",OpenStreetMap300公尺,已分類,本機OSM_300公尺_v1
新北市,八里區,訊塘社區公園,121.39609,25.1455,False,False,True,False,True,False,False,"公車站,公園",OpenStreetMap300公尺＋場站名稱,已分類,本機OSM_300公尺_v1
新北市,八里區,訊庄埔公園,121.39222,25.14244,False,False,True,False,True,False,False,"公車站,公園",OpenStreetMap300公尺＋場站名稱,已分類,本機OSM_300公尺_v1
新北市,八里區,頂罟公園,121.40413,25.1533,False,False,True,True,True,False,False,"公車站,學校,公園",OpenStreetMap300公尺＋場站名稱,已分類,本機OSM_300公尺_v1
新北市,八里區,龍形停車場,121.4513,25.13041,False,False,True,False,True,False,False,"公車站,公園",OpenStreetMap300公尺,已分類,本機OSM_300公尺_v1
新北市,八里區,龍米河濱公園,121.44684,25.14455,False,False,True,True,False,False,False,"公車站,學校,公園",OpenStreetMap300公尺＋場站名稱,已分類,本機OSM_300公尺_v1
新北市,八里區,龍米路二段205巷口,121.43231,25.1585,False,False,True,False,True,False,False,"公車站,公園",OpenStreetMap300公尺,已分類,本機OSM_300公尺_v1
新北市,土城區,中央中華路口(金城),121.43808,24.96875,True,False,True,False,True,False,False,"捷運站,公車站,公園",OpenStreetMap300公尺,已分類,本機OSM_300公尺_v1
新北市,土城區,中央公園(莊園街),121.44565,24.98205,False,False,True,False,True,False,False,"公車站,公園",OpenStreetMap300公尺＋場站名稱,已分類,本機OSM_300公尺_v1
新北市,土城區,中央公園地下停車場,121.44478,24.98276,False,False,True,False,True,False,True,"公車站,公園,醫院",OpenStreetMap300公尺＋場站名稱,已分類,本機OSM_300公尺_v1
新北市,土城區,中央慶利街口(風華綠中央社區),121.44052,24.97338,False,False,True,True,True,True,True,"公車站,學校,公園,商圈,醫院",OpenStreetMap300公尺,已分類,本機OSM_300公尺_v1
新北市,土城區,中央路一段292巷口,121.44383,24.98279,False,False,True,False,True,False,True,"公車站,公園,醫院",OpenStreetMap300公尺,已分類,本機OSM_300公尺_v1
新北市,土城區,中央路三段281巷,121.42679,24.96314,False,False,True,True,True,False,False,"公車站,學校,公園",OpenStreetMap300公尺,已分類,本機OSM_300公尺_v1
新北市,土城區,中央路二段180巷,121.44162,24.97616,False,False,True,False,True,True,True,"公車站,公園,商圈,醫院",OpenStreetMap300公尺,已分類,本機OSM_300公尺_v1
新北市,土城區,中央路四段33號北側,121.42329,24.96222,True,False,True,False,False,False,False,"捷運站,公車站",OpenStreetMap300公尺,已分類,本機OSM_300公尺_v1
新北市,土城區,中山1號科技總部,121.41212396244534,24.96044660965163,False,False,False,False,True,False,False,公園,OpenStreetMap300公尺,已分類,本機OSM_300公尺_v1
新北市,土城區,中山三民路口(土城工業區),121.42122,24.96287,True,False,True,False,True,False,True,"捷運站,公車站,公園,醫院",OpenStreetMap300公尺,已分類,本機OSM_300公尺_v1
新北市,土城區,中華中央路一段242巷口,121.44348,24.98551,False,False,True,False,True,False,False,"公車站,公園",OpenStreetMap300公尺,已分類,本機OSM_300公尺_v1
新北市,土城區,中華城林路口,121.43883,24.97525,False,False,True,True,True,False,False,"公車站,學校,公園",OpenStreetMap300公尺,已分類,本機OSM_300公尺_v1
新北市,土城區,中華日新街口,121.44463,24.98756,False,False,True,False,False,True,False,"公車站,商圈",OpenStreetMap300公尺,已分類,本機OSM_300公尺_v1
新北市,土城區,中華裕華街口,121.4472,24.99003,True,False,True,False,True,False,True,"捷運站,公車站,公園,醫院",OpenStreetMap300公尺,已分類,本機OSM_300公尺_v1
新北市,土城區,中華路一段70巷口,121.4454,24.98825,True,False,True,False,False,True,True,"捷運站,公車站,商圈,醫院",OpenStreetMap300公尺,已分類,本機OSM_300公尺_v1
新北市,土城區,亞洲員安路口,121.43485,24.97256,False,False,True,False,True,False,False,"公車站,公園",OpenStreetMap300公尺,已分類,本機OSM_300公尺_v1
新北市,土城區,和平路105號,121.45129,24.96847,False,False,False,False,False,False,False,,OpenStreetMap已查詢,300公尺內無七類設施,本機OSM_300公尺_v1
新北市,土城區,員和公園,121.44275033207956,24.978918316048684,False,False,True,False,True,True,True,"公車站,公園,商圈,醫院",OpenStreetMap300公尺＋場站名稱,已分類,本機OSM_300公尺_v1
新北市,土城區,員林平面停車場,121.44437,24.97681,False,False,True,False,True,True,True,"公車站,公園,商圈,醫院",OpenStreetMap300公尺,已分類,本機OSM_300公尺_v1
新北市,土城區,員林社區公園,121.44328,24.97784,False,False,True,False,True,True,True,"公車站,公園,商圈,醫院",OpenStreetMap300公尺＋場站名稱,已分類,本機OSM_300公尺_v1
新北市,土城區,土城仁愛社區公園,121.46035,24.98071,False,False,True,False,True,True,False,"公車站,公園,商圈",OpenStreetMap300公尺＋場站名稱,已分類,本機OSM_300公尺_v1
新北市,土城區,土城區公所,121.44316,24.9719,True,False,True,True,True,True,True,"捷運站,公車站,學校,公園,商圈,醫院",OpenStreetMap300公尺,已分類,本機OSM_300公尺_v1
新北市,土城區,土城國中,121.43037,24.96243,False,False,True,True,True,False,False,"公車站,學校,公園",OpenStreetMap300公尺＋場站名稱,已分類,本機OSM_300公尺_v1
新北市,土城區,土城國中(永安街115巷),121.42894,24.96316,False,False,True,True,True,False,False,"公車站,學校,公園",OpenStreetMap300公尺＋場站名稱,已分類,本機OSM_300公尺_v1
新北市,土城區,土城國小(興城路),121.44149,24.97267,True,False,True,True,True,True,True,"捷運站,公車站,學校,公園,商圈,醫院",OpenStreetMap300公尺＋場站名稱,已分類,本機OSM_300公尺_v1
新北市,土城區,土城紫藤廊道(學海街),121.44836,24.97923,False,False,True,False,True,True,True,"公車站,公園,商圈,醫院",OpenStreetMap300公尺,已分類,本機OSM_300公尺_v1
新北市,土城區,土城綜合球場,121.4542,24.97872,False,False,True,False,False,False,False,公車站,OpenStreetMap300公尺,已分類,本機OSM_300公尺_v1
新北市,土城區,土城綜合體育場,121.453797,24.984095,True,False,True,True,True,True,True,"捷運站,公車站,學校,公園,商圈,醫院",OpenStreetMap300公尺,已分類,本機OSM_300公尺_v1
新北市,土城區,大安中央路口,121.43264,24.96576,False,False,True,False,True,False,False,"公車站,公園",OpenStreetMap300公尺,已分類,本機OSM_300公尺_v1
新北市,土城區,大安市民活動中心,121.43935,24.96595,True,False,True,False,True,False,False,"捷運站,公車站,公園",OpenStreetMap300公尺,已分類,本機OSM_300公尺_v1
新北市,土城區,學士學府路口(大苑社區),121.44580101471448,24.9769584499386,False,False,True,False,True,True,True,"公車站,公園,商圈,醫院",OpenStreetMap300公尺,已分類,本機OSM_300公尺_v1
新北市,土城區,學士龍山二街口(金城舞2社區),121.45049,24.97991,False,False,True,True,True,False,False,"公車站,學校,公園",OpenStreetMap300公尺,已分類,本機OSM_300公尺_v1
新北市,土城區,學府中正路口(A+社區),121.44534,24.97551,True,False,True,False,True,True,True,"捷運站,公車站,公園,商圈,醫院",OpenStreetMap300公尺,已分類,本機OSM_300公尺_v1
新北市,土城區,學成公園,121.45151,24.98803,True,False,True,True,True,True,True,"捷運站,公車站,學校,公園,商圈,醫院",OpenStreetMap300公尺＋場站名稱,已分類,本機OSM_300公尺_v1
新北市,土城區,廣福國小,121.45506,24.98713,False,False,True,True,True,False,True,"公車站,學校,公園,醫院",OpenStreetMap300公尺＋場站名稱,已分類,本機OSM_300公尺_v1
新北市,土城區,廣福派出所,121.45655,24.98816,False,False,True,True,True,False,False,"公車站,學校,公園",OpenStreetMap300公尺,已分類,本機OSM_300公尺_v1
新北市,土城區,延吉街111巷1弄,121.47171,24.98623,False,False,False,True,False,True,False,"學校,商圈",OpenStreetMap300公尺,已分類,本機OSM_300公尺_v1
新北市,土城區,延吉街291巷口,121.46716,24.98394,False,False,True,True,True,True,True,"公車站,學校,公園,商圈,醫院",OpenStreetMap300公尺,已分類,本機OSM_300公尺_v1
新北市,土城區,延吉街47巷口,121.47236,24.98795,True,False,True,True,False,True,False,"捷運站,公車站,學校,商圈",OpenStreetMap300公尺,已分類,本機OSM_300公尺_v1
新北市,土城區,延和廣場,121.46415,24.98704,False,False,True,True,True,False,True,"公車站,學校,公園,醫院",OpenStreetMap300公尺,已分類,本機OSM_300公尺_v1
新北市,土城區,延和社區公園,121.46882,24.99018,True,False,True,False,True,False,True,"捷運站,公車站,公園,醫院",OpenStreetMap300公尺＋場站名稱,已分類,本機OSM_300公尺_v1
新北市,土城區,惜福公園,121.44815,24.98144,True,False,True,True,True,False,False,"捷運站,公車站,學校,公園",OpenStreetMap300公尺＋場站名稱,已分類,本機OSM_300公尺_v1
新北市,土城區,承天路4巷(MRT社區),121.43617,24.964,True,False,True,False,True,False,False,"捷運站,公車站,公園",OpenStreetMap300公尺,已分類,本機OSM_300公尺_v1
新北市,土城區,捷運土城站(1號出口),121.44418,24.97314,True,False,True,True,True,True,True,"捷運站,公車站,學校,公園,商圈,醫院",OpenStreetMap300公尺＋場站名稱,已分類,本機OSM_300公尺_v1
新北市,土城區,捷運土城站(2號出口),121.44395,24.9728,True,False,True,True,True,True,True,"捷運站,公車站,學校,公園,商圈,醫院",OpenStreetMap300公尺＋場站名稱,已分類,本機OSM_300公尺_v1
新北市,土城區,捷運土城站(3號出口),121.44527,24.9739,True,False,True,True,True,True,True,"捷運站,公車站,學校,公園,商圈,醫院",OpenStreetMap300公尺＋場站名稱,已分類,本機OSM_300公尺_v1
新北市,土城區,捷運媽祖田站,121.41185,24.95381,True,False,True,True,True,False,False,"捷運站,公車站,學校,公園",OpenStreetMap300公尺＋場站名稱,已分類,本機OSM_300公尺_v1
新北市,土城區,捷運永寧站(2號出口),121.43554,24.96613,True,False,True,False,True,False,False,"捷運站,公車站,公園",OpenStreetMap300公尺＋場站名稱,已分類,本機OSM_300公尺_v1
新北市,土城區,捷運永寧站(3號出口),121.43688,24.96711,True,False,True,False,True,False,False,"捷運站,公車站,公園",OpenStreetMap300公尺＋場站名稱,已分類,本機OSM_300公尺_v1
新北市,土城區,捷運永寧站(4號出口),121.43677,24.96744,True,False,True,False,True,False,False,"捷運站,公車站,公園",OpenStreetMap300公尺＋場站名稱,已分類,本機OSM_300公尺_v1
新北市,土城區,捷運海山站(1號出口),121.44855,24.98441,True,False,True,True,True,True,False,"捷運站,公車站,學校,公園,商圈",OpenStreetMap300公尺＋場站名稱,已分類,本機OSM_300公尺_v1
新北市,土城區,捷運海山站(2號出口),121.44875,24.98457,True,False,True,True,True,True,False,"捷運站,公車站,學校,公園,商圈",OpenStreetMap300公尺＋場站名稱,已分類,本機OSM_300公尺_v1
新北市,土城區,捷運海山站(3號出口),121.44935,24.98677,True,False,True,True,True,True,True,"捷運站,公車站,學校,公園,商圈,醫院",OpenStreetMap300公尺＋場站名稱,已分類,本機OSM_300公尺_v1
新北市,土城區,捷運海山站(3號出口)轉乘停車場,121.44911,24.98639,True,False,True,True,True,True,True,"捷運站,公車站,學校,公園,商圈,醫院",OpenStreetMap300公尺＋場站名稱,已分類,本機OSM_300公尺_v1
新北市,土城區,捷運頂埔站(2號出口),121.4178,24.95852,True,False,True,False,True,True,False,"捷運站,公車站,公園,商圈",OpenStreetMap300公尺＋場站名稱,已分類,本機OSM_300公尺_v1
新北市,土城區,捷運頂埔站(3號出口),121.42,24.95996,True,False,True,False,True,False,True,"捷運站,公車站,公園,醫院",OpenStreetMap300公尺＋場站名稱,已分類,本機OSM_300公尺_v1
新北市,土城區,捷運頂埔站(福田路),121.4178,24.95852,True,False,True,False,True,True,False,"捷運站,公車站,公園,商圈",OpenStreetMap300公尺＋場站名稱,已分類,本機OSM_300公尺_v1
新北市,土城區,斬龍山遺址文化公園,121.4477,24.97666,False,False,True,False,True,False,True,"公車站,公園,醫院",OpenStreetMap300公尺＋場站名稱,已分類,本機OSM_300公尺_v1
新北市,土城區,新北高工,121.45054,24.98344,True,False,True,True,True,True,False,"捷運站,公車站,學校,公園,商圈",OpenStreetMap300公尺,已分類,本機OSM_300公尺_v1
新北市,土城區,新北高工(學士路),121.45277,24.98216,False,False,True,True,True,True,True,"公車站,學校,公園,商圈,醫院",OpenStreetMap300公尺,已分類,本機OSM_300公尺_v1
新北市,土城區,新北高工(明德路),121.4515,24.98112,False,False,True,True,True,False,False,"公車站,學校,公園",OpenStreetMap300公尺,已分類,本機OSM_300公尺_v1
新北市,土城區,新洲擺接堡路口,121.43742,24.97781,False,False,True,True,True,False,False,"公車站,學校,公園",OpenStreetMap300公尺,已分類,本機OSM_300公尺_v1
新北市,土城區,日和中華路口,121.44283,24.98402,False,False,True,True,True,False,False,"公車站,學校,公園",OpenStreetMap300公尺,已分類,本機OSM_300公尺_v1
新北市,土城區,明德平面停車場,121.46628,24.98403,False,False,True,True,True,True,True,"公車站,學校,公園,商圈,醫院",OpenStreetMap300公尺,已分類,本機OSM_300公尺_v1
新北市,土城區,明德青和街口,121.45754,24.97738,False,False,True,False,False,True,False,"公車站,商圈",OpenStreetMap300公尺,已分類,本機OSM_300公尺_v1
新北市,土城區,永豐路157巷口,121.46709,24.98171,False,False,True,True,True,True,False,"公車站,學校,公園,商圈",OpenStreetMap300公尺,已分類,本機OSM_300公尺_v1
新北市,土城區,沛陂社區公園,121.41969877977414,24.963262311576905,True,False,True,False,True,False,True,"捷運站,公車站,公園,醫院",OpenStreetMap300公尺＋場站名稱,已分類,本機OSM_300公尺_v1
新北市,土城區,清和里(青雲路),121.45874,24.97513,False,False,True,True,False,True,False,"公車站,學校,商圈",OpenStreetMap300公尺,已分類,本機OSM_300公尺_v1
新北市,土城區,清水社區公園,121.46353,24.98382,False,False,True,True,True,True,True,"公車站,學校,公園,商圈,醫院",OpenStreetMap300公尺＋場站名稱,已分類,本機OSM_300公尺_v1
新北市,土城區,清水高中,121.46547,24.982,False,False,True,True,True,True,True,"公車站,學校,公園,商圈,醫院",OpenStreetMap300公尺＋場站名稱,已分類,本機OSM_300公尺_v1
新北市,土城區,清水高中(國際路),121.46498,24.98034,False,False,True,True,True,False,False,"公車站,學校,公園",OpenStreetMap300公尺＋場站名稱,已分類,本機OSM_300公尺_v1
新北市,土城區,立德青雲路口,121.46102,24.9883,False,False,True,True,True,True,False,"公車站,學校,公園,商圈",OpenStreetMap300公尺,已分類,本機OSM_300公尺_v1
新北市,土城區,莊園街(金城舞5社區),121.44792,24.981311,True,False,True,True,True,False,False,"捷運站,公車站,學校,公園",OpenStreetMap300公尺,已分類,本機OSM_300公尺_v1
新北市,土城區,莒光四村停車場,121.44639,24.98716,True,False,True,True,True,True,True,"捷運站,公車站,學校,公園,商圈,醫院",OpenStreetMap300公尺,已分類,本機OSM_300公尺_v1
新北市,土城區,華南頂埔科技大樓,121.41716,24.96046,True,False,True,False,True,False,False,"捷運站,公車站,公園",OpenStreetMap300公尺,已分類,本機OSM_300公尺_v1
新北市,土城區,裕民路55巷,121.44948,24.9886,True,False,True,False,True,True,True,"捷運站,公車站,公園,商圈,醫院",OpenStreetMap300公尺,已分類,本機OSM_300公尺_v1
新北市,土城區,裕民路口(清水路),121.45616,24.98157,True,False,True,True,True,True,True,"捷運站,公車站,學校,公園,商圈,醫院",OpenStreetMap300公尺,已分類,本機OSM_300公尺_v1
新北市,土城區,裕生停車場,121.44687,24.9846,True,False,True,True,True,True,False,"捷運站,公車站,學校,公園,商圈",OpenStreetMap300公尺,已分類,本機OSM_300公尺_v1
新北市,土城區,裕華街,121.44643,24.9905,True,False,True,False,True,False,True,"捷運站,公車站,公園,醫院",OpenStreetMap300公尺,已分類,本機OSM_300公尺_v1
新北市,土城區,金城峯廷街口,121.46864,24.98814,True,False,True,True,True,True,True,"捷運站,公車站,學校,公園,商圈,醫院",OpenStreetMap300公尺,已分類,本機OSM_300公尺_v1
新北市,土城區,金城忠義路口,121.44024,24.9691,False,False,True,True,True,False,False,"公車站,學校,公園",OpenStreetMap300公尺,已分類,本機OSM_300公尺_v1
新北市,土城區,金城明德路口(東北側),121.45311,24.98078,False,False,True,True,True,False,True,"公車站,學校,公園,醫院",OpenStreetMap300公尺,已分類,本機OSM_300公尺_v1
新北市,土城區,金城立德路口,121.46602,24.98689,False,False,True,True,True,True,True,"公車站,學校,公園,商圈,醫院",OpenStreetMap300公尺,已分類,本機OSM_300公尺_v1
新北市,土城區,金城立體停車場,121.45795,24.98367,True,False,True,True,True,True,False,"捷運站,公車站,學校,公園,商圈",OpenStreetMap300公尺,已分類,本機OSM_300公尺_v1
新北市,土城區,金城裕民路口(中正國中),121.45619,24.98288,True,False,True,True,True,True,True,"捷運站,公車站,學校,公園,商圈,醫院",OpenStreetMap300公尺＋場站名稱,已分類,本機OSM_300公尺_v1
新北市,土城區,金城裕民路口(金城舞社區),121.45466,24.98156,True,False,True,True,True,False,True,"捷運站,公車站,學校,公園,醫院",OpenStreetMap300公尺,已分類,本機OSM_300公尺_v1
新北市,土城區,金城路三段156號前,121.46708,24.98728,False,False,True,True,True,True,True,"公車站,學校,公園,商圈,醫院",OpenStreetMap300公尺,已分類,本機OSM_300公尺_v1
新北市,土城區,金城路三段52巷,121.46609,24.98635,False,False,True,True,True,True,True,"公車站,學校,公園,商圈,醫院",OpenStreetMap300公尺,已分類,本機OSM_300公尺_v1
新北市,土城區,金城路二段61巷口(聯邦銀行),121.45077,24.97886,False,False,True,True,True,False,True,"公車站,學校,公園,醫院",OpenStreetMap300公尺,已分類,本機OSM_300公尺_v1
新北市,土城區,金城龍山二街口,121.45096,24.97881,False,False,True,True,True,False,True,"公車站,學校,公園,醫院",OpenStreetMap300公尺,已分類,本機OSM_300公尺_v1
新北市,土城區,長風社區,121.43937,24.97811,False,False,True,True,True,False,True,"公車站,學校,公園,醫院",OpenStreetMap300公尺,已分類,本機OSM_300公尺_v1
新北市,土城區,雲溪廣場(青雲路183巷),121.45961,24.9827,True,False,True,True,True,True,False,"捷運站,公車站,學校,公園,商圈",OpenStreetMap300公尺,已分類,本機OSM_300公尺_v1
新北市,土城區,青山廣場,121.45987,24.97793,False,False,True,False,True,True,False,"公車站,公園,商圈",OpenStreetMap300公尺,已分類,本機OSM_300公尺_v1
新北市,土城區,青隆青福街口,121.45665,24.97974,False,False,True,False,True,False,False,"公車站,公園",OpenStreetMap300公尺,已分類,本機OSM_300公尺_v1
新北市,土城區,青雲路411巷口(樂晴市樂郡區社區),121.45911,24.97582,False,False,True,False,True,True,False,"公車站,公園,商圈",OpenStreetMap300公尺,已分類,本機OSM_300公尺_v1
新北市,土城區,青雲路434巷口,121.45915,24.97193,False,False,True,True,True,False,False,"公車站,學校,公園",OpenStreetMap300公尺,已分類,本機OSM_300公尺_v1
新北市,土城區,青雲路451巷口(紐約艾美社區),121.45873,24.97475,False,False,True,True,False,True,False,"公車站,學校,商圈",OpenStreetMap300公尺,已分類,本機OSM_300公尺_v1
新北市,土城區,頂埔國小,121.4144,24.95636,False,False,True,True,True,True,False,"公車站,學校,公園,商圈",OpenStreetMap300公尺＋場站名稱,已分類,本機OSM_300公尺_v1
新北市,土城區,頂埔市場,121.41504,24.95816,False,False,True,True,True,True,False,"公車站,學校,公園,商圈",OpenStreetMap300公尺＋場站名稱,已分類,本機OSM_300公尺_v1
新北市,土城區,頂新公園,121.41425,24.95397,True,False,True,True,True,False,False,"捷運站,公車站,學校,公園",OpenStreetMap300公尺＋場站名稱,已分類,本機OSM_300公尺_v1
新北市,土城區,頂新祖田市民活動中心,121.41211,24.95319,True,False,True,True,True,False,False,"捷運站,公車站,學校,公園",OpenStreetMap300公尺,已分類,本機OSM_300公尺_v1
新北市,坪林區,國中碇坪路二段口,121.71259,24.93666,False,False,True,True,True,False,True,"公車站,學校,公園,醫院",OpenStreetMap300公尺＋場站名稱,已分類,本機OSM_300公尺_v1
新北市,坪林區,坪林旅遊服務中心,121.70528,24.93522,False,False,True,False,False,False,False,公車站,OpenStreetMap300公尺,已分類,本機OSM_300公尺_v1
新北市,坪林區,坪林茶業博物館,121.71254,24.93475,False,False,True,True,True,False,True,"公車站,學校,公園,醫院",OpenStreetMap300公尺,已分類,本機OSM_300公尺_v1
新北市,坪林區,水柳腳立體停車場,121.71021,24.93555,False,False,True,True,True,True,True,"公車站,學校,公園,商圈,醫院",OpenStreetMap300公尺,已分類,本機OSM_300公尺_v1
新北市,平溪區,十分遊客中心,121.78279,25.04711,False,False,True,False,False,False,False,公車站,OpenStreetMap300公尺,已分類,本機OSM_300公尺_v1
新北市,平溪區,嶺腳車站,121.74788,25.03005,False,True,True,False,False,False,False,"火車站,公車站",OpenStreetMap300公尺＋場站名稱,已分類,本機OSM_300公尺_v1
新北市,平溪區,平溪國中,121.73422,25.02348,False,False,True,True,False,False,False,"公車站,學校",OpenStreetMap300公尺＋場站名稱,已分類,本機OSM_300公尺_v1
新北市,平溪區,平溪市民活動中心,121.7372,25.02484,False,True,True,True,False,False,True,"火車站,公車站,學校,醫院",OpenStreetMap300公尺,已分類,本機OSM_300公尺_v1
新北市,平溪區,菁桐老街,121.72448,25.02398,False,True,True,True,True,False,False,"火車站,公車站,學校,公園,商圈",OpenStreetMap300公尺＋場站名稱,已分類,本機OSM_300公尺_v1
新北市,新店區,三民地下停車場,121.53718,24.97097,False,False,True,True,True,False,False,"公車站,學校,公園",OpenStreetMap300公尺,已分類,本機OSM_300公尺_v1
新北市,新店區,中印青潭廠,121.55947,24.95446,False,False,True,True,False,False,False,"公車站,學校",OpenStreetMap300公尺,已分類,本機OSM_300公尺_v1
新北市,新店區,中央新村(中央三街),121.52488,24.9764,False,False,True,False,True,True,False,"公車站,公園,商圈",OpenStreetMap300公尺,已分類,本機OSM_300公尺_v1
新北市,新店區,中央陸橋(中央一街),121.52736,24.97371,True,False,True,False,True,True,False,"捷運站,公車站,公園,商圈",OpenStreetMap300公尺,已分類,本機OSM_300公尺_v1
新北市,新店區,中山路31巷(波爾多2社區),121.52478,24.9803,False,False,True,False,True,False,True,"公車站,公園,醫院",OpenStreetMap300公尺,已分類,本機OSM_300公尺_v1
新北市,新店區,中正國小,121.53646,24.9714,False,False,True,True,True,False,False,"公車站,學校,公園",OpenStreetMap300公尺＋場站名稱,已分類,本機OSM_300公尺_v1
新北市,新店區,中正民權路口,121.5336,24.98263,False,False,True,True,False,False,False,"公車站,學校",OpenStreetMap300公尺,已分類,本機OSM_300公尺_v1
新北市,新店區,中正路144巷口,121.5419,24.97148,False,False,True,True,True,False,True,"公車站,學校,公園,醫院",OpenStreetMap300公尺,已分類,本機OSM_300公尺_v1
新北市,新店區,中正路284巷,121.53842,24.9747,False,False,True,True,True,True,True,"公車站,學校,公園,商圈,醫院",OpenStreetMap300公尺,已分類,本機OSM_300公尺_v1
新北市,新店區,中正路399巷口,121.53455,24.9771,False,False,True,True,True,False,True,"公車站,學校,公園,醫院",OpenStreetMap300公尺,已分類,本機OSM_300公尺_v1
新北市,新店區,中興中正路口,121.54617,24.96991,False,False,True,False,True,False,True,"公車站,公園,醫院",OpenStreetMap300公尺,已分類,本機OSM_300公尺_v1
新北市,新店區,中興寶慶街口,121.54195,24.98694,True,False,True,True,True,False,True,"捷運站,公車站,學校,公園,醫院",OpenStreetMap300公尺,已分類,本機OSM_300公尺_v1
新北市,新店區,中興寶橋路口,121.54687,24.97618,False,False,True,True,True,True,False,"公車站,學校,公園,商圈",OpenStreetMap300公尺,已分類,本機OSM_300公尺_v1
新北市,新店區,中興文化路口(東南側),121.5445,24.98037,True,False,True,False,True,True,True,"捷運站,公車站,公園,商圈,醫院",OpenStreetMap300公尺,已分類,本機OSM_300公尺_v1
新北市,新店區,中興檳榔路口,121.54185,24.96337,False,False,True,False,False,False,True,"公車站,醫院",OpenStreetMap300公尺,已分類,本機OSM_300公尺_v1
新北市,新店區,中興路2段100巷口,121.5475,24.97136,False,False,True,False,True,False,True,"公車站,公園,醫院",OpenStreetMap300公尺,已分類,本機OSM_300公尺_v1
新北市,新店區,中華郵政五城郵局,121.47917,24.94483,False,False,True,False,False,False,False,公車站,OpenStreetMap300公尺,已分類,本機OSM_300公尺_v1
新北市,新店區,中華郵政玫瑰城郵局,121.49674,24.94702,False,False,True,True,True,False,False,"公車站,學校,公園",OpenStreetMap300公尺,已分類,本機OSM_300公尺_v1
新北市,新店區,五峰國中,121.54311,24.96601,True,False,True,True,True,False,True,"捷運站,公車站,學校,公園,醫院",OpenStreetMap300公尺＋場站名稱,已分類,本機OSM_300公尺_v1
新北市,新店區,光明街,121.54009,24.96316,False,False,True,False,False,False,True,"公車站,醫院",OpenStreetMap300公尺,已分類,本機OSM_300公尺_v1
新北市,新店區,北城生活廣場(富貴街),121.49409,24.94888,True,False,True,True,True,False,False,"捷運站,公車站,學校,公園",OpenStreetMap300公尺,已分類,本機OSM_300公尺_v1
新北市,新店區,北新國小,121.54443,24.97423,True,False,True,True,True,False,True,"捷運站,公車站,學校,公園,醫院",OpenStreetMap300公尺＋場站名稱,已分類,本機OSM_300公尺_v1
新北市,新店區,北新新生街口,121.54061,24.96561,True,False,True,True,True,False,True,"捷運站,公車站,學校,公園,醫院",OpenStreetMap300公尺,已分類,本機OSM_300公尺_v1
新北市,新店區,北新路二段228巷口,121.54284,24.97775,True,False,True,False,True,True,True,"捷運站,公車站,公園,商圈,醫院",OpenStreetMap300公尺,已分類,本機OSM_300公尺_v1
新北市,新店區,十四張啓文路口,121.52978,24.98055,True,False,True,False,True,False,False,"捷運站,公車站,公園",OpenStreetMap300公尺,已分類,本機OSM_300公尺_v1
新北市,新店區,十四張央北二路口(波爾多社區),121.52635,24.98285,True,False,True,False,True,False,False,"捷運站,公車站,公園",OpenStreetMap300公尺,已分類,本機OSM_300公尺_v1
新北市,新店區,十四張歷史公園(北側),121.52689,24.9798,False,False,True,False,True,False,False,"公車站,公園",OpenStreetMap300公尺＋場站名稱,已分類,本機OSM_300公尺_v1
新北市,新店區,十四張歷史公園(南側),121.52844,24.979,False,False,True,False,True,False,False,"公車站,公園",OpenStreetMap300公尺＋場站名稱,已分類,本機OSM_300公尺_v1
新北市,新店區,十四張歷史建築園區(文記街),121.52792,24.98065,False,False,True,False,True,False,False,"公車站,公園",OpenStreetMap300公尺,已分類,本機OSM_300公尺_v1
新北市,新店區,博愛中正路口,121.54072,24.97282,True,False,True,True,True,True,True,"捷運站,公車站,學校,公園,商圈,醫院",OpenStreetMap300公尺,已分類,本機OSM_300公尺_v1
新北市,新店區,台北慈濟醫院,121.537,24.9859,False,False,True,True,True,False,True,"公車站,學校,公園,醫院",OpenStreetMap300公尺＋場站名稱,已分類,本機OSM_300公尺_v1
新北市,新店區,台灣科技總部,121.54905,24.97344,False,False,True,False,True,False,False,"公車站,公園",OpenStreetMap300公尺,已分類,本機OSM_300公尺_v1
新北市,新店區,吉安停車場,121.51635,24.96623,True,False,True,True,True,False,False,"捷運站,公車站,學校,公園",OpenStreetMap300公尺,已分類,本機OSM_300公尺_v1
新北市,新店區,啟文央北二路口(中央公園社區),121.52935,24.97976,False,False,True,False,True,False,False,"公車站,公園",OpenStreetMap300公尺＋場站名稱,已分類,本機OSM_300公尺_v1
新北市,新店區,國家人權博物館,121.53198,24.98835,False,False,True,True,True,False,True,"公車站,學校,公園,醫院",OpenStreetMap300公尺,已分類,本機OSM_300公尺_v1
新北市,新店區,大豐公園停車場,121.53587,24.97875,False,False,True,True,True,False,True,"公車站,學校,公園,醫院",OpenStreetMap300公尺＋場站名稱,已分類,本機OSM_300公尺_v1
新北市,新店區,大豐里(建國路),121.53799,24.97991,False,False,True,True,True,True,True,"公車站,學校,公園,商圈,醫院",OpenStreetMap300公尺,已分類,本機OSM_300公尺_v1
新北市,新店區,大鵬華城,121.53398,24.99116,False,False,True,False,True,False,False,"公車站,公園",OpenStreetMap300公尺,已分類,本機OSM_300公尺_v1
新北市,新店區,天山公園(永安街),121.51753,24.98652,False,False,True,True,True,False,False,"公車站,學校,公園",OpenStreetMap300公尺＋場站名稱,已分類,本機OSM_300公尺_v1
新北市,新店區,央北三中央路口(全陽大璽),121.53339,24.97878,False,False,True,True,True,False,True,"公車站,學校,公園,醫院",OpenStreetMap300公尺,已分類,本機OSM_300公尺_v1
新北市,新店區,央北二月記街口,121.53008,24.97763,False,False,True,True,True,False,False,"公車站,學校,公園",OpenStreetMap300公尺,已分類,本機OSM_300公尺_v1
新北市,新店區,央北新村平面停車場,121.52737,24.97752,False,False,False,False,True,True,False,"公園,商圈",OpenStreetMap300公尺,已分類,本機OSM_300公尺_v1
新北市,新店區,央北社會住宅,121.52643,24.98263,True,False,True,False,True,False,False,"捷運站,公車站,公園",OpenStreetMap300公尺,已分類,本機OSM_300公尺_v1
新北市,新店區,安光公園,121.51446,24.96423,True,False,True,True,True,False,False,"捷運站,公車站,學校,公園",OpenStreetMap300公尺＋場站名稱,已分類,本機OSM_300公尺_v1
新北市,新店區,安和公園,121.51885,24.97411,True,False,True,False,True,False,False,"捷運站,公車站,公園",OpenStreetMap300公尺＋場站名稱,已分類,本機OSM_300公尺_v1
新北市,新店區,安和市民活動中心,121.51569,24.97532,False,False,True,False,True,False,False,"公車站,公園",OpenStreetMap300公尺,已分類,本機OSM_300公尺_v1
新北市,新店區,安和碧安街口,121.51776,24.96696,True,False,True,True,True,False,False,"捷運站,公車站,學校,公園",OpenStreetMap300公尺,已分類,本機OSM_300公尺_v1
新北市,新店區,安和路二段117巷口,121.51883,24.97029,True,False,True,False,True,False,False,"捷運站,公車站,公園",OpenStreetMap300公尺,已分類,本機OSM_300公尺_v1
新北市,新店區,安居公教住宅,121.51293,24.9595,False,False,True,True,True,False,True,"公車站,學校,公園,醫院",OpenStreetMap300公尺,已分類,本機OSM_300公尺_v1
新北市,新店區,安康立體停車場,121.51267,24.96261,False,False,True,True,True,True,True,"公車站,學校,公園,商圈,醫院",OpenStreetMap300公尺,已分類,本機OSM_300公尺_v1
新北市,新店區,安康高中,121.51521,24.96927,False,False,True,True,False,False,False,"公車站,學校",OpenStreetMap300公尺＋場站名稱,已分類,本機OSM_300公尺_v1
新北市,新店區,安德停車場,121.50882,24.96039,False,False,True,True,True,True,True,"公車站,學校,公園,商圈,醫院",OpenStreetMap300公尺,已分類,本機OSM_300公尺_v1
新北市,新店區,安成安德街口,121.50999,24.96115,False,False,True,True,True,True,True,"公車站,學校,公園,商圈,醫院",OpenStreetMap300公尺,已分類,本機OSM_300公尺_v1
新北市,新店區,安民街35巷口,121.51564,24.96484,True,False,True,True,True,False,False,"捷運站,公車站,學校,公園",OpenStreetMap300公尺,已分類,本機OSM_300公尺_v1
新北市,新店區,安民街停車場,121.51686,24.97077,True,False,True,True,True,False,False,"捷運站,公車站,學校,公園",OpenStreetMap300公尺,已分類,本機OSM_300公尺_v1
新北市,新店區,安興祥和路口,121.51546,24.97666,False,False,True,False,True,False,False,"公車站,公園",OpenStreetMap300公尺,已分類,本機OSM_300公尺_v1
新北市,新店區,安華公園,121.53538,24.97374,False,False,True,True,True,True,True,"公車站,學校,公園,商圈,醫院",OpenStreetMap300公尺＋場站名稱,已分類,本機OSM_300公尺_v1
新北市,新店區,寶中寶橋路口,121.55028,24.97862,False,False,True,False,True,True,False,"公車站,公園,商圈",OpenStreetMap300公尺,已分類,本機OSM_300公尺_v1
新北市,新店區,寶中路97巷口,121.54878,24.98047,False,False,True,False,True,True,False,"公車站,公園,商圈",OpenStreetMap300公尺,已分類,本機OSM_300公尺_v1
新北市,新店區,寶強文化路口,121.54351,24.97914,True,False,True,False,True,True,True,"捷運站,公車站,公園,商圈,醫院",OpenStreetMap300公尺,已分類,本機OSM_300公尺_v1
新北市,新店區,寶橋路235巷,121.55102,24.98278,False,False,True,True,False,False,False,"公車站,學校",OpenStreetMap300公尺,已分類,本機OSM_300公尺_v1
新北市,新店區,寶橋路235巷口,121.55234,24.97955,False,False,True,False,True,False,False,"公車站,公園",OpenStreetMap300公尺,已分類,本機OSM_300公尺_v1
新北市,新店區,寶橋路29巷,121.54389,24.97492,True,False,True,True,True,False,True,"捷運站,公車站,學校,公園,醫院",OpenStreetMap300公尺,已分類,本機OSM_300公尺_v1
新北市,新店區,寶橋路78巷,121.5476,24.97368,False,False,True,True,True,False,False,"公車站,學校,公園",OpenStreetMap300公尺,已分類,本機OSM_300公尺_v1
新北市,新店區,寶高智慧產業園區,121.551,24.9775,False,False,True,False,True,False,False,"公車站,公園",OpenStreetMap300公尺,已分類,本機OSM_300公尺_v1
新北市,新店區,寶高路120巷口,121.55433,24.97622,False,False,True,False,True,False,False,"公車站,公園",OpenStreetMap300公尺,已分類,本機OSM_300公尺_v1
新北市,新店區,小金門友誼公園,121.53791,24.97699,False,False,True,True,True,True,True,"公車站,學校,公園,商圈,醫院",OpenStreetMap300公尺＋場站名稱,已分類,本機OSM_300公尺_v1
新北市,新店區,屈尺景觀公園,121.54668,24.91988,False,False,True,True,True,False,False,"公車站,學校,公園",OpenStreetMap300公尺＋場站名稱,已分類,本機OSM_300公尺_v1
新北市,新店區,崇光女中,121.53904,24.97156,False,False,True,True,True,True,True,"公車站,學校,公園,商圈,醫院",OpenStreetMap300公尺,已分類,本機OSM_300公尺_v1
新北市,新店區,廣興河濱公園,121.53739,24.91255,False,False,False,True,True,False,False,"學校,公園",OpenStreetMap300公尺＋場站名稱,已分類,本機OSM_300公尺_v1
新北市,新店區,建國民權路口,121.53746,24.98318,False,False,True,True,False,True,True,"公車站,學校,商圈,醫院",OpenStreetMap300公尺,已分類,本機OSM_300公尺_v1
新北市,新店區,忠誠里(北新路2段97巷),121.54278,24.97427,True,False,True,True,True,True,True,"捷運站,公車站,學校,公園,商圈,醫院",OpenStreetMap300公尺,已分類,本機OSM_300公尺_v1
新北市,新店區,惠國市場,121.54338,24.97042,False,False,True,True,True,False,True,"公車站,學校,公園,商圈,醫院",OpenStreetMap300公尺＋場站名稱,已分類,本機OSM_300公尺_v1
新北市,新店區,捷運七張站(1號出口),121.542767,24.974996,True,False,True,True,True,True,True,"捷運站,公車站,學校,公園,商圈,醫院",OpenStreetMap300公尺＋場站名稱,已分類,本機OSM_300公尺_v1
新北市,新店區,捷運十四張站,121.52833,24.983819,True,False,True,False,True,False,False,"捷運站,公車站,公園",OpenStreetMap300公尺＋場站名稱,已分類,本機OSM_300公尺_v1
新北市,新店區,捷運大坪林站(1號出口),121.541,24.9828,True,False,True,False,True,True,True,"捷運站,公車站,公園,商圈,醫院",OpenStreetMap300公尺＋場站名稱,已分類,本機OSM_300公尺_v1
新北市,新店區,捷運大坪林站(5號出口),121.54376,24.98288,True,False,True,False,True,True,True,"捷運站,公車站,公園,商圈,醫院",OpenStreetMap300公尺＋場站名稱,已分類,本機OSM_300公尺_v1
新北市,新店區,捷運小碧潭站(1號出口),121.53029,24.97152,True,False,True,False,True,True,False,"捷運站,公車站,公園,商圈",OpenStreetMap300公尺＋場站名稱,已分類,本機OSM_300公尺_v1
新北市,新店區,捷運新店區公所站(1號出口),121.54101,24.96737,True,False,True,True,True,False,True,"捷運站,公車站,學校,公園,醫院",OpenStreetMap300公尺＋場站名稱,已分類,本機OSM_300公尺_v1
新北市,新店區,捷運新店站,121.53866,24.95861,True,False,True,True,False,True,True,"捷運站,公車站,學校,商圈,醫院",OpenStreetMap300公尺＋場站名稱,已分類,本機OSM_300公尺_v1
新北市,新店區,文山國中,121.53937,24.95521,True,False,True,True,True,True,True,"捷運站,公車站,學校,公園,商圈,醫院",OpenStreetMap300公尺＋場站名稱,已分類,本機OSM_300公尺_v1
新北市,新店區,新北市立圖書館新店分館,121.5409,24.98214,True,False,True,False,True,True,True,"捷運站,公車站,公園,商圈,醫院",OpenStreetMap300公尺,已分類,本機OSM_300公尺_v1
新北市,新店區,新北捷運環狀線南機廠,121.52891,24.98343,True,False,True,False,True,False,False,"捷運站,公車站,公園",OpenStreetMap300公尺＋場站名稱,已分類,本機OSM_300公尺_v1
新北市,新店區,新和活動中心,121.52183,24.98677,False,False,True,False,False,False,False,公車站,OpenStreetMap300公尺,已分類,本機OSM_300公尺_v1
新北市,新店區,新和街32巷口,121.5192,24.9847,True,False,True,True,True,False,False,"捷運站,公車站,學校,公園",OpenStreetMap300公尺,已分類,本機OSM_300公尺_v1
新北市,新店區,新安永安街94巷口,121.52034,24.98446,True,False,True,True,True,False,False,"捷運站,公車站,學校,公園",OpenStreetMap300公尺,已分類,本機OSM_300公尺_v1
新北市,新店區,新安永安街口,121.52138,24.98542,False,False,True,True,True,False,False,"公車站,學校,公園",OpenStreetMap300公尺,已分類,本機OSM_300公尺_v1
新北市,新店區,新店公有中央市場,121.52729,24.97531,False,False,True,False,True,True,False,"公車站,公園,商圈",OpenStreetMap300公尺＋場站名稱,已分類,本機OSM_300公尺_v1
新北市,新店區,新店新和國小,121.51768,24.98498,True,False,True,True,True,False,False,"捷運站,公車站,學校,公園",OpenStreetMap300公尺＋場站名稱,已分類,本機OSM_300公尺_v1
新北市,新店區,新店行政園區,121.54205,24.96757,True,False,True,True,True,False,True,"捷運站,公車站,學校,公園,醫院",OpenStreetMap300公尺,已分類,本機OSM_300公尺_v1
新北市,新店區,新店高中,121.53421,24.97418,False,False,True,True,True,True,True,"公車站,學校,公園,商圈,醫院",OpenStreetMap300公尺＋場站名稱,已分類,本機OSM_300公尺_v1
新北市,新店區,新店高中(中央路),121.53103,24.97508,True,False,True,True,True,True,False,"捷運站,公車站,學校,公園,商圈",OpenStreetMap300公尺＋場站名稱,已分類,本機OSM_300公尺_v1
新北市,新店區,明德路65巷口,121.54145,24.9767,True,False,True,True,True,True,True,"捷運站,公車站,學校,公園,商圈,醫院",OpenStreetMap300公尺,已分類,本機OSM_300公尺_v1
新北市,新店區,柴埕市民活動中心,121.51648,24.96678,True,False,True,True,True,False,False,"捷運站,公車站,學校,公園",OpenStreetMap300公尺,已分類,本機OSM_300公尺_v1
新北市,新店區,民權二十張路口,121.53966,24.98291,True,False,True,False,False,True,True,"捷運站,公車站,商圈,醫院",OpenStreetMap300公尺,已分類,本機OSM_300公尺_v1
新北市,新店區,民生路156巷,121.52751,24.98202,True,False,True,False,True,False,False,"捷運站,公車站,公園",OpenStreetMap300公尺,已分類,本機OSM_300公尺_v1
新北市,新店區,永平休閒廣場,121.5161,24.98432,True,False,True,True,True,False,False,"捷運站,公車站,學校,公園",OpenStreetMap300公尺,已分類,本機OSM_300公尺_v1
新北市,新店區,永平街23巷,121.51604,24.98316,True,False,True,True,True,False,False,"捷運站,公車站,學校,公園",OpenStreetMap300公尺,已分類,本機OSM_300公尺_v1
新北市,新店區,溪洲原住民族生活文化園區Cinemnemay,121.52834,24.96826,False,False,False,False,True,False,False,公園,OpenStreetMap300公尺,已分類,本機OSM_300公尺_v1
新北市,新店區,直潭活動中心,121.53329,24.93893,False,False,True,True,True,False,False,"公車站,學校,公園",OpenStreetMap300公尺,已分類,本機OSM_300公尺_v1
新北市,新店區,直潭淨水廠(直潭二街),121.53536,24.9431,False,False,False,False,False,False,False,,OpenStreetMap已查詢,300公尺內無七類設施,本機OSM_300公尺_v1
新北市,新店區,碧潭大橋(溪洲路6巷),121.53426,24.96061,False,False,True,False,True,False,False,"公車站,公園",OpenStreetMap300公尺,已分類,本機OSM_300公尺_v1
新北市,新店區,碧潭渡船頭,121.53746,24.9531,False,False,True,True,True,True,True,"公車站,學校,公園,商圈,醫院",OpenStreetMap300公尺,已分類,本機OSM_300公尺_v1
新北市,新店區,碧潭西岸,121.5348,24.95656,True,False,True,True,True,True,False,"捷運站,公車站,學校,公園,商圈",OpenStreetMap300公尺,已分類,本機OSM_300公尺_v1
新北市,新店區,福民市民活動中心,121.53305,24.97293,True,False,True,True,True,True,False,"捷運站,公車站,學校,公園,商圈",OpenStreetMap300公尺,已分類,本機OSM_300公尺_v1
新北市,新店區,綠湖公園,121.54751,24.97756,False,False,True,False,True,True,False,"公車站,公園,商圈",OpenStreetMap300公尺＋場站名稱,已分類,本機OSM_300公尺_v1
新北市,新店區,綠湖公園地下停車場,121.54613,24.97956,False,False,True,False,True,True,False,"公車站,公園,商圈",OpenStreetMap300公尺＋場站名稱,已分類,本機OSM_300公尺_v1
新北市,新店區,胡璉故居紀念館,121.52763,24.96171,False,False,True,True,True,False,False,"公車站,學校,公園",OpenStreetMap300公尺,已分類,本機OSM_300公尺_v1
新北市,新店區,輕軌台北小城站(北側),121.49833,24.95351,True,False,True,True,True,False,True,"捷運站,公車站,學校,公園,醫院",OpenStreetMap300公尺＋場站名稱,已分類,本機OSM_300公尺_v1
新北市,新店區,輕軌台北小城站(南側),121.49816,24.95312,True,False,True,True,True,False,True,"捷運站,公車站,學校,公園,醫院",OpenStreetMap300公尺＋場站名稱,已分類,本機OSM_300公尺_v1
新北市,新店區,輕軌安康站,121.51717,24.96525,True,False,True,True,True,False,False,"捷運站,公車站,學校,公園",OpenStreetMap300公尺＋場站名稱,已分類,本機OSM_300公尺_v1
新北市,新店區,輕軌新和國小站,121.5183,24.98338,True,False,True,True,True,False,False,"捷運站,公車站,學校,公園",OpenStreetMap300公尺＋場站名稱,已分類,本機OSM_300公尺_v1
新北市,新店區,輕軌景文科大站,121.50964,24.95474,True,False,True,True,True,False,False,"捷運站,公車站,學校,公園",OpenStreetMap300公尺＋場站名稱,已分類,本機OSM_300公尺_v1
新北市,新店區,輕軌玫瑰中國城站,121.49418,24.95101,True,False,True,True,True,False,False,"捷運站,公車站,學校,公園",OpenStreetMap300公尺＋場站名稱,已分類,本機OSM_300公尺_v1
新北市,新店區,輕軌耕莘安康院區站,121.50368,24.95453,True,False,True,True,False,False,True,"捷運站,公車站,學校,醫院",OpenStreetMap300公尺＋場站名稱,已分類,本機OSM_300公尺_v1
新北市,新店區,輕軌陽光運動公園站,121.51928,24.97193,True,False,True,False,True,False,False,"捷運站,公車站,公園",OpenStreetMap300公尺＋場站名稱,已分類,本機OSM_300公尺_v1
新北市,新店區,輕軌雙城站,121.48985,24.94679,True,False,True,False,False,False,False,"捷運站,公車站",OpenStreetMap300公尺＋場站名稱,已分類,本機OSM_300公尺_v1
新北市,新店區,陽光Park社區,121.51555,24.9794,False,False,True,False,True,False,False,"公車站,公園",OpenStreetMap300公尺,已分類,本機OSM_300公尺_v1
新北市,新店區,陽光橋,121.52477,24.97924,False,False,True,False,True,False,True,"公車站,公園,醫院",OpenStreetMap300公尺,已分類,本機OSM_300公尺_v1
新北市,新店區,雙城公園(安康路),121.49035,24.95176,False,False,True,True,False,False,False,"公車站,學校,公園",OpenStreetMap300公尺＋場站名稱,已分類,本機OSM_300公尺_v1
新北市,新店區,雙城國小,121.48628,24.95186,False,False,True,True,False,False,False,"公車站,學校",OpenStreetMap300公尺＋場站名稱,已分類,本機OSM_300公尺_v1
新北市,新店區,青潭國小,121.55181,24.9531,False,False,True,True,True,False,False,"公車站,學校,公園",OpenStreetMap300公尺＋場站名稱,已分類,本機OSM_300公尺_v1
新北市,新店區,青潭河濱公園,121.5474,24.95091,False,False,True,False,True,False,False,"公車站,公園",OpenStreetMap300公尺＋場站名稱,已分類,本機OSM_300公尺_v1
新北市,新店區,順德街(御中央3社區),121.53,24.9789,False,False,True,False,True,False,False,"公車站,公園",OpenStreetMap300公尺,已分類,本機OSM_300公尺_v1
新北市,新店區,龜山活動中心,121.55224,24.90303,False,False,True,True,True,False,False,"公車站,學校,公園",OpenStreetMap300公尺,已分類,本機OSM_300公尺_v1
新北市,新莊區,中信國小,121.44954,25.05572,False,False,True,True,True,False,False,"公車站,學校,公園",OpenStreetMap300公尺＋場站名稱,已分類,本機OSM_300公尺_v1
新北市,新莊區,中央昌仁路口,121.45355,25.05895,False,False,True,True,True,False,False,"公車站,學校,公園",OpenStreetMap300公尺,已分類,本機OSM_300公尺_v1
新北市,新莊區,中平中榮街口,121.44464,25.05307,False,False,True,True,True,False,True,"公車站,學校,公園,醫院",OpenStreetMap300公尺,已分類,本機OSM_300公尺_v1
新北市,新莊區,中平國中,121.44394,25.05426,False,False,True,True,False,False,True,"公車站,學校,醫院",OpenStreetMap300公尺＋場站名稱,已分類,本機OSM_300公尺_v1
新北市,新莊區,中正仁愛街口,121.44462,25.03452,False,False,True,True,True,True,True,"公車站,學校,公園,商圈,醫院",OpenStreetMap300公尺,已分類,本機OSM_300公尺_v1
新北市,新莊區,中正思源路口(東北側),121.46103,25.03938,True,False,True,False,False,False,False,"捷運站,公車站",OpenStreetMap300公尺,已分類,本機OSM_300公尺_v1
新北市,新莊區,中正思源路口(西南側),121.4595,25.03821,True,False,True,True,True,False,False,"捷運站,公車站,學校,公園",OpenStreetMap300公尺,已分類,本機OSM_300公尺_v1
新北市,新莊區,中正新雅巷口,121.41769,25.02594,False,False,True,True,True,True,False,"公車站,學校,公園,商圈",OpenStreetMap300公尺,已分類,本機OSM_300公尺_v1
新北市,新莊區,中正路347巷口,121.44718,25.03403,True,False,True,False,True,True,True,"捷運站,公車站,公園,商圈,醫院",OpenStreetMap300公尺,已分類,本機OSM_300公尺_v1
新北市,新莊區,中正路883巷口,121.41682,25.02491,False,False,True,True,True,True,False,"公車站,學校,公園,商圈",OpenStreetMap300公尺,已分類,本機OSM_300公尺_v1
新北市,新莊區,中正雙鳳路口,121.41803,25.0272,False,False,True,False,True,True,False,"公車站,公園,商圈",OpenStreetMap300公尺,已分類,本機OSM_300公尺_v1
新北市,新莊區,中港國小,121.44783,25.04563,False,False,True,True,True,False,False,"公車站,學校,公園",OpenStreetMap300公尺＋場站名稱,已分類,本機OSM_300公尺_v1
新北市,新莊區,中港大排願景館,121.45165,25.05894,False,False,True,True,True,True,False,"公車站,學校,公園,商圈",OpenStreetMap300公尺,已分類,本機OSM_300公尺_v1
新北市,新莊區,中港平面停車場,121.45271,25.04485,False,False,True,False,True,True,False,"公車站,公園,商圈",OpenStreetMap300公尺,已分類,本機OSM_300公尺_v1
新北市,新莊區,中興中正路口(泰坤建設),121.44933,25.03564,True,False,True,True,False,False,True,"捷運站,公車站,學校,醫院",OpenStreetMap300公尺,已分類,本機OSM_300公尺_v1
新北市,新莊區,中華中原路口,121.45178,25.05423,False,False,True,True,True,False,False,"公車站,學校,公園",OpenStreetMap300公尺,已分類,本機OSM_300公尺_v1
新北市,新莊區,中華自治街口,121.4533,25.04775,False,False,True,True,True,True,True,"公車站,學校,公園,商圈,醫院",OpenStreetMap300公尺,已分類,本機OSM_300公尺_v1
新北市,新莊區,中華里(中華路二段),121.45367,25.04619,False,False,True,True,True,True,False,"公車站,學校,公園,商圈",OpenStreetMap300公尺,已分類,本機OSM_300公尺_v1
新北市,新莊區,中誠立體停車場,121.45137,25.04757,False,False,True,False,True,False,False,"公車站,公園",OpenStreetMap300公尺,已分類,本機OSM_300公尺_v1
新北市,新莊區,丹鳳國小,121.41336,25.0246,True,False,True,True,True,False,False,"捷運站,公車站,學校,公園",OpenStreetMap300公尺＋場站名稱,已分類,本機OSM_300公尺_v1
新北市,新莊區,丹鳳派出所,121.41466,25.02769,False,False,True,True,True,False,False,"公車站,學校,公園",OpenStreetMap300公尺,已分類,本機OSM_300公尺_v1
新北市,新莊區,五工路68巷口,121.458836,25.062942,True,False,True,False,True,True,False,"捷運站,公車站,公園,商圈",OpenStreetMap300公尺,已分類,本機OSM_300公尺_v1
新北市,新莊區,五權一五工三路口,121.45797,25.06593,False,False,True,False,True,True,False,"公車站,公園,商圈",OpenStreetMap300公尺,已分類,本機OSM_300公尺_v1
新北市,新莊區,伊吉邦社區,121.4134,25.03019,False,False,True,True,True,False,False,"公車站,學校,公園",OpenStreetMap300公尺,已分類,本機OSM_300公尺_v1
新北市,新莊區,光華東帝士,121.42784,25.0108,False,False,True,True,False,False,False,"公車站,學校",OpenStreetMap300公尺,已分類,本機OSM_300公尺_v1
新北市,新莊區,八德立體停車場,121.42532,25.02271,False,False,True,True,False,True,True,"公車站,學校,商圈,醫院",OpenStreetMap300公尺,已分類,本機OSM_300公尺_v1
新北市,新莊區,化成公園,121.4616,25.04786,True,False,True,False,True,False,False,"捷運站,公車站,公園",OpenStreetMap300公尺＋場站名稱,已分類,本機OSM_300公尺_v1
新北市,新莊區,台北醫院(民樂街),121.45788,25.04267,False,False,True,False,True,False,True,"公車站,公園,醫院",OpenStreetMap300公尺＋場站名稱,已分類,本機OSM_300公尺_v1
新北市,新莊區,台水新莊服務所,121.46019,25.04152,True,False,True,False,False,False,True,"捷運站,公車站,醫院",OpenStreetMap300公尺,已分類,本機OSM_300公尺_v1
新北市,新莊區,台電台北西區營業處,121.4656,25.04765,False,False,True,False,False,False,False,公車站,OpenStreetMap300公尺,已分類,本機OSM_300公尺_v1
新北市,新莊區,四維公園,121.42221,25.0213,False,False,True,True,True,True,True,"公車站,學校,公園,商圈,醫院",OpenStreetMap300公尺＋場站名稱,已分類,本機OSM_300公尺_v1
新北市,新莊區,國家電影及視聽文化中心,121.44769,25.05605,True,False,True,True,True,False,False,"捷運站,公車站,學校,公園",OpenStreetMap300公尺,已分類,本機OSM_300公尺_v1
新北市,新莊區,國泰國小,121.44186,25.03398,False,False,True,True,True,False,False,"公車站,學校,公園",OpenStreetMap300公尺＋場站名稱,已分類,本機OSM_300公尺_v1
新北市,新莊區,塭仔圳十米園道(幸福路口),121.44247,25.04972,True,False,True,True,True,False,True,"捷運站,公車站,學校,公園,醫院",OpenStreetMap300公尺,已分類,本機OSM_300公尺_v1
新北市,新莊區,塭仔圳十米園道(新莊歐洲村),121.44247,25.05186,True,False,True,True,True,False,True,"捷運站,公車站,學校,公園,醫院",OpenStreetMap300公尺,已分類,本機OSM_300公尺_v1
新北市,新莊區,塭仔底濕地公園,121.45438,25.05635,False,False,True,True,True,False,False,"公車站,學校,公園",OpenStreetMap300公尺＋場站名稱,已分類,本機OSM_300公尺_v1
新北市,新莊區,塭仔底濕地公園(中華路),121.45222,25.05645,False,False,True,True,True,False,False,"公車站,學校,公園",OpenStreetMap300公尺＋場站名稱,已分類,本機OSM_300公尺_v1
新北市,新莊區,大眾廟,121.458,25.0374,False,False,True,True,True,False,False,"公車站,學校,公園",OpenStreetMap300公尺,已分類,本機OSM_300公尺_v1
新北市,新莊區,天祥街31巷口(雍玥社區),121.41754,25.0286,False,False,True,True,True,False,False,"公車站,學校,公園",OpenStreetMap300公尺,已分類,本機OSM_300公尺_v1
新北市,新莊區,宏匯廣場,121.44908,25.05931,True,False,True,True,True,True,False,"捷運站,公車站,學校,公園,商圈",OpenStreetMap300公尺,已分類,本機OSM_300公尺_v1
新北市,新莊區,宏匯思源廣場,121.45905,25.05745,False,False,True,True,True,False,False,"公車站,學校,公園",OpenStreetMap300公尺,已分類,本機OSM_300公尺_v1
新北市,新莊區,幸福中環路口,121.44289,25.04903,True,False,True,True,True,False,True,"捷運站,公車站,學校,公園,醫院",OpenStreetMap300公尺,已分類,本機OSM_300公尺_v1
新北市,新莊區,幸福路678巷口,121.45063,25.0492,False,False,True,False,True,True,False,"公車站,公園,商圈",OpenStreetMap300公尺,已分類,本機OSM_300公尺_v1
新北市,新莊區,幸福路753巷口,121.44834,25.04914,False,False,True,True,False,True,False,"公車站,學校,商圈",OpenStreetMap300公尺,已分類,本機OSM_300公尺_v1
新北市,新莊區,廣停一機車停車場,121.45766,25.06209,True,False,True,False,True,True,False,"捷運站,公車站,公園,商圈",OpenStreetMap300公尺,已分類,本機OSM_300公尺_v1
新北市,新莊區,建中街90巷口,121.4469,25.03659,True,False,True,False,True,False,True,"捷運站,公車站,公園,醫院",OpenStreetMap300公尺,已分類,本機OSM_300公尺_v1
新北市,新莊區,建國一路平面停車場,121.43491,25.02394,False,False,True,False,False,False,True,"公車站,醫院",OpenStreetMap300公尺,已分類,本機OSM_300公尺_v1
新北市,新莊區,建福公園,121.42669,25.02769,False,False,True,True,True,False,True,"公車站,學校,公園,醫院",OpenStreetMap300公尺＋場站名稱,已分類,本機OSM_300公尺_v1
新北市,新莊區,後港公園,121.42835,25.02536,False,False,True,True,True,False,False,"公車站,學校,公園",OpenStreetMap300公尺＋場站名稱,已分類,本機OSM_300公尺_v1
新北市,新莊區,復興化成路口,121.46453,25.04457,False,False,True,True,False,False,False,"公車站,學校",OpenStreetMap300公尺,已分類,本機OSM_300公尺_v1
新北市,新莊區,思源中原東路口(東南側),121.4601,25.05369,False,False,True,True,True,False,False,"公車站,學校,公園",OpenStreetMap300公尺,已分類,本機OSM_300公尺_v1
新北市,新莊區,思源路192巷口,121.4601,25.04823,True,False,True,True,True,False,True,"捷運站,公車站,學校,公園,醫院",OpenStreetMap300公尺,已分類,本機OSM_300公尺_v1
新北市,新莊區,思源路593巷口,121.45962,25.05954,True,False,True,False,True,True,False,"捷運站,公車站,公園,商圈",OpenStreetMap300公尺,已分類,本機OSM_300公尺_v1
新北市,新莊區,思賢公園(北側),121.45672,25.04792,False,False,True,True,True,True,True,"公車站,學校,公園,商圈,醫院",OpenStreetMap300公尺＋場站名稱,已分類,本機OSM_300公尺_v1
新北市,新莊區,思賢國小,121.4577,25.04629,False,False,True,True,True,False,True,"公車站,學校,公園,醫院",OpenStreetMap300公尺＋場站名稱,已分類,本機OSM_300公尺_v1
新北市,新莊區,思賢國小(自由街),121.45587,25.04551,False,False,True,True,True,True,True,"公車站,學校,公園,商圈,醫院",OpenStreetMap300公尺＋場站名稱,已分類,本機OSM_300公尺_v1
新北市,新莊區,捷運丹鳳站(1號出口),121.4228,25.02903,True,False,True,True,True,False,False,"捷運站,公車站,學校,公園",OpenStreetMap300公尺＋場站名稱,已分類,本機OSM_300公尺_v1
新北市,新莊區,捷運幸福站,121.46018,25.04988,True,False,True,False,True,True,True,"捷運站,公車站,公園,商圈,醫院",OpenStreetMap300公尺＋場站名稱,已分類,本機OSM_300公尺_v1
新北市,新莊區,捷運幸福站(2號出口),121.46028,25.04955,True,False,True,False,True,False,True,"捷運站,公車站,公園,醫院",OpenStreetMap300公尺＋場站名稱,已分類,本機OSM_300公尺_v1
新北市,新莊區,捷運新北產業園區站,121.45918,25.06203,True,False,True,False,True,True,False,"捷運站,公車站,公園,商圈",OpenStreetMap300公尺＋場站名稱,已分類,本機OSM_300公尺_v1
新北市,新莊區,捷運新莊副都心站,121.4466,25.05914,True,False,True,True,True,True,False,"捷運站,公車站,學校,公園,商圈",OpenStreetMap300公尺＋場站名稱,已分類,本機OSM_300公尺_v1
新北市,新莊區,捷運新莊站(1號出口),121.45204,25.03641,True,False,True,True,True,True,True,"捷運站,公車站,學校,公園,商圈,醫院",OpenStreetMap300公尺＋場站名稱,已分類,本機OSM_300公尺_v1
新北市,新莊區,捷運新莊站(2號出口),121.45278,25.03607,True,False,True,True,True,True,True,"捷運站,公車站,學校,公園,商圈,醫院",OpenStreetMap300公尺＋場站名稱,已分類,本機OSM_300公尺_v1
新北市,新莊區,捷運輔大站(1號出口),121.43548,25.03285,True,False,True,True,True,True,False,"捷運站,公車站,學校,公園,商圈",OpenStreetMap300公尺＋場站名稱,已分類,本機OSM_300公尺_v1
新北市,新莊區,捷運輔大站(4號出口),121.43666,25.03304,True,False,True,True,True,True,False,"捷運站,公車站,學校,公園,商圈",OpenStreetMap300公尺＋場站名稱,已分類,本機OSM_300公尺_v1
新北市,新莊區,捷運迴龍站(2號出口),121.411,25.0211,True,False,True,False,True,False,True,"捷運站,公車站,公園,醫院",OpenStreetMap300公尺＋場站名稱,已分類,本機OSM_300公尺_v1
新北市,新莊區,捷運迴龍站(3號出口),121.41305,25.02276,True,False,True,True,True,False,False,"捷運站,公車站,學校,公園",OpenStreetMap300公尺＋場站名稱,已分類,本機OSM_300公尺_v1
新北市,新莊區,捷運頭前庄站(1號出口),121.4608,25.03953,True,False,True,False,False,False,False,"捷運站,公車站",OpenStreetMap300公尺＋場站名稱,已分類,本機OSM_300公尺_v1
新北市,新莊區,文中三平面停車場,121.43473,25.03739,False,False,False,True,True,False,False,"學校,公園",OpenStreetMap300公尺,已分類,本機OSM_300公尺_v1
新北市,新莊區,新北大道昌平街口(臨時站),121.45474,25.06035,False,False,True,False,True,False,False,"公車站,公園",OpenStreetMap300公尺,已分類,本機OSM_300公尺_v1
新北市,新莊區,新北市立圖書館新莊中港分館,121.45222,25.04643,False,False,True,False,True,True,False,"公車站,公園,商圈",OpenStreetMap300公尺,已分類,本機OSM_300公尺_v1
新北市,新莊區,新月橋,121.44982,25.03208,False,False,False,True,True,False,True,"學校,公園,醫院",OpenStreetMap300公尺,已分類,本機OSM_300公尺_v1
新北市,新莊區,新樹公園,121.43315,25.00338,False,False,True,False,True,False,False,"公車站,公園",OpenStreetMap300公尺＋場站名稱,已分類,本機OSM_300公尺_v1
新北市,新莊區,新樹路258巷口,121.43269,25.01525,False,False,True,False,False,False,False,公車站,OpenStreetMap300公尺,已分類,本機OSM_300公尺_v1
新北市,新莊區,新泰公園,121.44495,25.0372,False,False,True,True,True,False,True,"公車站,學校,公園,醫院",OpenStreetMap300公尺＋場站名稱,已分類,本機OSM_300公尺_v1
新北市,新莊區,新泰國中,121.44414,25.04316,False,False,True,True,True,True,False,"公車站,學校,公園,商圈",OpenStreetMap300公尺＋場站名稱,已分類,本機OSM_300公尺_v1
新北市,新莊區,新泰游泳池,121.44228,25.04616,False,False,True,True,True,False,False,"公車站,學校,公園",OpenStreetMap300公尺,已分類,本機OSM_300公尺_v1
新北市,新莊區,新泰路255巷口,121.4427,25.03936,False,False,True,True,True,False,False,"公車站,學校,公園",OpenStreetMap300公尺,已分類,本機OSM_300公尺_v1
新北市,新莊區,新莊勞工中心,121.43374,25.02033,False,False,True,False,False,False,True,"公車站,醫院",OpenStreetMap300公尺,已分類,本機OSM_300公尺_v1
新北市,新莊區,新莊國民運動中心,121.44898,25.03932,False,False,True,False,True,False,True,"公車站,公園,醫院",OpenStreetMap300公尺,已分類,本機OSM_300公尺_v1
新北市,新莊區,新莊國民運動中心(和興街),121.44759,25.03891,False,False,True,False,True,False,True,"公車站,公園,醫院",OpenStreetMap300公尺,已分類,本機OSM_300公尺_v1
新北市,新莊區,新莊快樂公園,121.44355,25.03033,False,False,True,True,True,False,False,"公車站,學校,公園",OpenStreetMap300公尺＋場站名稱,已分類,本機OSM_300公尺_v1
新北市,新莊區,新莊文化藝術中心,121.4445,25.04714,False,False,True,True,True,False,True,"公車站,學校,公園,醫院",OpenStreetMap300公尺,已分類,本機OSM_300公尺_v1
新北市,新莊區,新莊棒球場,121.44609,25.04138,False,False,True,True,True,True,True,"公車站,學校,公園,商圈,醫院",OpenStreetMap300公尺,已分類,本機OSM_300公尺_v1
新北市,新莊區,新莊棒球場(和興街),121.44654,25.04069,False,False,True,True,True,False,True,"公車站,學校,公園,醫院",OpenStreetMap300公尺,已分類,本機OSM_300公尺_v1
新北市,新莊區,新莊田徑場,121.45259,25.04341,False,False,True,True,True,True,False,"公車站,學校,公園,商圈",OpenStreetMap300公尺,已分類,本機OSM_300公尺_v1
新北市,新莊區,新莊運動公園地下停車場,121.44941,25.043,False,False,True,True,True,False,False,"公車站,學校,公園",OpenStreetMap300公尺＋場站名稱,已分類,本機OSM_300公尺_v1
新北市,新莊區,新莊體育館,121.45255,25.04078,False,False,True,True,True,True,False,"公車站,學校,公園,商圈",OpenStreetMap300公尺,已分類,本機OSM_300公尺_v1
新北市,新莊區,昌平公園,121.45811,25.05866,False,False,True,True,True,True,False,"公車站,學校,公園,商圈",OpenStreetMap300公尺＋場站名稱,已分類,本機OSM_300公尺_v1
新北市,新莊區,昌平國小,121.45685,25.05658,False,False,True,True,True,False,False,"公車站,學校,公園",OpenStreetMap300公尺＋場站名稱,已分類,本機OSM_300公尺_v1
新北市,新莊區,昌盛橋,121.45317,25.04973,False,False,True,True,True,False,True,"公車站,學校,公園,醫院",OpenStreetMap300公尺,已分類,本機OSM_300公尺_v1
新北市,新莊區,昌隆國小,121.45489,25.05213,False,False,True,True,True,True,True,"公車站,學校,公園,商圈,醫院",OpenStreetMap300公尺＋場站名稱,已分類,本機OSM_300公尺_v1
新北市,新莊區,榮富國小,121.44659,25.05172,False,False,True,True,True,True,True,"公車站,學校,公園,商圈,醫院",OpenStreetMap300公尺＋場站名稱,已分類,本機OSM_300公尺_v1
新北市,新莊區,民安國小(東側),121.42873,25.02259,False,False,True,True,False,False,False,"公車站,學校",OpenStreetMap300公尺＋場站名稱,已分類,本機OSM_300公尺_v1
新北市,新莊區,民安東民全街口,121.42956,25.02077,False,False,True,True,False,False,False,"公車站,學校",OpenStreetMap300公尺,已分類,本機OSM_300公尺_v1
新北市,新莊區,民安西路252巷,121.42485,25.01372,False,False,True,False,True,False,False,"公車站,公園",OpenStreetMap300公尺,已分類,本機OSM_300公尺_v1
新北市,新莊區,民安西路468巷口,121.43176,25.00796,False,False,True,False,False,False,False,公車站,OpenStreetMap300公尺,已分類,本機OSM_300公尺_v1
新北市,新莊區,民安西路88巷口,121.42703,25.01912,False,False,True,True,True,False,False,"公車站,學校,公園",OpenStreetMap300公尺,已分類,本機OSM_300公尺_v1
新北市,新莊區,潭底溝休憩廣場,121.42636,25.02191,False,False,True,True,False,True,True,"公車站,學校,商圈,醫院",OpenStreetMap300公尺,已分類,本機OSM_300公尺_v1
新北市,新莊區,瓊林公園,121.44244,25.02629,False,False,True,False,True,False,True,"公車站,公園,醫院",OpenStreetMap300公尺＋場站名稱,已分類,本機OSM_300公尺_v1
新北市,新莊區,瓊林南路101巷口,121.4343,25.01258,False,False,True,False,False,False,False,公車站,OpenStreetMap300公尺,已分類,本機OSM_300公尺_v1
新北市,新莊區,瓊泰市民活動中心,121.44312,25.02926,False,False,True,True,True,False,True,"公車站,學校,公園,醫院",OpenStreetMap300公尺,已分類,本機OSM_300公尺_v1
新北市,新莊區,登龍平面停車場,121.45654,25.03662,False,False,True,True,True,False,False,"公車站,學校,公園",OpenStreetMap300公尺,已分類,本機OSM_300公尺_v1
新北市,新莊區,福基公園,121.46086,25.05816,False,False,True,True,True,False,False,"公車站,學校,公園",OpenStreetMap300公尺＋場站名稱,已分類,本機OSM_300公尺_v1
新北市,新莊區,福壽公園,121.45758,25.05151,True,False,True,True,True,True,True,"捷運站,公車站,學校,公園,商圈,醫院",OpenStreetMap300公尺＋場站名稱,已分類,本機OSM_300公尺_v1
新北市,新莊區,福壽昌智路口,121.45804,25.05614,False,False,True,True,True,False,False,"公車站,學校,公園",OpenStreetMap300公尺,已分類,本機OSM_300公尺_v1
新北市,新莊區,福德二街35號,121.4623,25.05719,False,False,True,False,True,False,False,"公車站,公園",OpenStreetMap300公尺,已分類,本機OSM_300公尺_v1
新北市,新莊區,福慧新知八路口,121.45519,25.06204,False,False,True,False,True,False,False,"公車站,公園",OpenStreetMap300公尺,已分類,本機OSM_300公尺_v1
新北市,新莊區,福營國中,121.42198,25.02532,False,False,True,True,True,True,True,"公車站,學校,公園,商圈,醫院",OpenStreetMap300公尺＋場站名稱,已分類,本機OSM_300公尺_v1
新北市,新莊區,福營行政中心,121.42387,25.02413,False,False,True,True,True,True,True,"公車站,學校,公園,商圈,醫院",OpenStreetMap300公尺,已分類,本機OSM_300公尺_v1
新北市,新莊區,福祿1號公園,121.4638,25.06386,False,False,True,True,True,False,False,"公車站,學校,公園",OpenStreetMap300公尺＋場站名稱,已分類,本機OSM_300公尺_v1
新北市,新莊區,福美公園,121.46106,25.05503,False,False,True,True,True,False,False,"公車站,學校,公園",OpenStreetMap300公尺＋場站名稱,已分類,本機OSM_300公尺_v1
新北市,新莊區,立泰里(中環路二段),121.44213,25.04568,False,False,True,True,True,False,False,"公車站,學校,公園",OpenStreetMap300公尺,已分類,本機OSM_300公尺_v1
新北市,新莊區,臺北醫院,121.45978,25.04358,False,False,True,True,False,False,True,"公車站,學校,醫院",OpenStreetMap300公尺＋場站名稱,已分類,本機OSM_300公尺_v1
新北市,新莊區,興化公園,121.46112,25.06523,False,False,True,True,True,True,False,"公車站,學校,公園,商圈",OpenStreetMap300公尺＋場站名稱,已分類,本機OSM_300公尺_v1
新北市,新莊區,行政院新莊聯合辦公大樓,121.44443,25.05595,False,False,True,True,True,False,False,"公車站,學校,公園",OpenStreetMap300公尺,已分類,本機OSM_300公尺_v1
新北市,新莊區,西盛公園,121.42805,25.01711,False,False,True,True,True,False,False,"公車站,學校,公園",OpenStreetMap300公尺＋場站名稱,已分類,本機OSM_300公尺_v1
新北市,新莊區,西盛廣場,121.43149,25.00089,False,False,True,True,True,False,False,"公車站,學校,公園",OpenStreetMap300公尺,已分類,本機OSM_300公尺_v1
新北市,新莊區,西盛館,121.43271,25.01191,False,False,True,False,False,False,False,公車站,OpenStreetMap300公尺,已分類,本機OSM_300公尺_v1
新北市,新莊區,覺明寺(豐年街53巷),121.44721,25.03172,False,False,True,True,True,True,False,"公車站,學校,公園,商圈",OpenStreetMap300公尺,已分類,本機OSM_300公尺_v1
新北市,新莊區,豐年國小,121.44324,25.0307,False,False,True,True,True,False,False,"公車站,學校,公園",OpenStreetMap300公尺＋場站名稱,已分類,本機OSM_300公尺_v1
新北市,新莊區,豐年陸橋,121.44754,25.02967,False,False,False,True,True,False,False,"學校,公園",OpenStreetMap300公尺,已分類,本機OSM_300公尺_v1
新北市,新莊區,輔仁大學附設醫院,121.431,25.03927,False,False,True,True,False,False,True,"公車站,學校,醫院",OpenStreetMap300公尺＋場站名稱,已分類,本機OSM_300公尺_v1
新北市,新莊區,遠東動力企業總部,121.42999,25.03113,True,False,True,True,False,False,False,"捷運站,公車站,學校",OpenStreetMap300公尺,已分類,本機OSM_300公尺_v1
新北市,新莊區,遠東動力企業總部(福營路),121.43045,25.03033,False,False,True,True,True,False,False,"公車站,學校,公園",OpenStreetMap300公尺,已分類,本機OSM_300公尺_v1
新北市,新莊區,長青公園,121.45662,25.04246,False,False,True,True,True,False,True,"公車站,學校,公園,醫院",OpenStreetMap300公尺＋場站名稱,已分類,本機OSM_300公尺_v1
新北市,新莊區,雙鳳公園,121.41398,25.02644,False,False,True,True,True,False,False,"公車站,學校,公園",OpenStreetMap300公尺＋場站名稱,已分類,本機OSM_300公尺_v1
新北市,新莊區,頭前國中,121.45916,25.05444,False,False,True,True,True,False,False,"公車站,學校,公園",OpenStreetMap300公尺＋場站名稱,已分類,本機OSM_300公尺_v1
新北市,新莊區,頭前國小,121.46506,25.05257,False,False,True,True,True,False,True,"公車站,學校,公園,醫院",OpenStreetMap300公尺＋場站名稱,已分類,本機OSM_300公尺_v1
新北市,新莊區,頭前國小(化成路),121.46624,25.0535,False,False,True,True,True,False,True,"公車站,學校,公園,醫院",OpenStreetMap300公尺＋場站名稱,已分類,本機OSM_300公尺_v1
新北市,新莊區,頭前運動公園,121.46211,25.05165,True,False,True,True,True,False,False,"捷運站,公車站,學校,公園",OpenStreetMap300公尺＋場站名稱,已分類,本機OSM_300公尺_v1
新北市,新莊區,頭前運動公園(頭前路),121.46362,25.05237,False,False,True,True,True,False,True,"公車站,學校,公園,醫院",OpenStreetMap300公尺＋場站名稱,已分類,本機OSM_300公尺_v1
新北市,新莊區,麗水富貴路口(聯合公園社區),121.45162,25.05697,False,False,True,True,True,True,False,"公車站,學校,公園,商圈",OpenStreetMap300公尺＋場站名稱,已分類,本機OSM_300公尺_v1
新北市,新莊區,黃城公園,121.44824,25.05238,False,False,True,True,True,False,False,"公車站,學校,公園",OpenStreetMap300公尺＋場站名稱,已分類,本機OSM_300公尺_v1
新北市,新莊區,黃城公園(中榮街),121.44883,25.05277,False,False,True,True,True,False,False,"公車站,學校,公園",OpenStreetMap300公尺＋場站名稱,已分類,本機OSM_300公尺_v1
新北市,新莊區,龍安成德街口,121.42267,25.0191,False,False,True,True,True,True,True,"公車站,學校,公園,商圈,醫院",OpenStreetMap300公尺,已分類,本機OSM_300公尺_v1
新北市,新莊區,龍安福營路口,121.41931,25.02022,False,False,True,True,True,True,True,"公車站,學校,公園,商圈,醫院",OpenStreetMap300公尺,已分類,本機OSM_300公尺_v1
新北市,新莊區,龍鳳公園,121.416898,25.021434,False,False,True,True,True,True,True,"公車站,學校,公園,商圈,醫院",OpenStreetMap300公尺＋場站名稱,已分類,本機OSM_300公尺_v1
新北市,板橋區,三抱竹,121.44139,24.99864,False,False,True,False,True,False,False,"公車站,公園",OpenStreetMap300公尺,已分類,本機OSM_300公尺_v1
新北市,板橋區,三民永豐街口,121.47917,25.02104,False,False,True,False,True,False,True,"公車站,公園,醫院",OpenStreetMap300公尺,已分類,本機OSM_300公尺_v1
新北市,板橋區,三民翠華街口,121.48024,25.02317,False,False,True,True,True,False,True,"公車站,學校,公園,醫院",OpenStreetMap300公尺,已分類,本機OSM_300公尺_v1
新北市,板橋區,中山國中,121.46751,25.01856,False,False,True,True,False,False,True,"公車站,學校,醫院",OpenStreetMap300公尺＋場站名稱,已分類,本機OSM_300公尺_v1
新北市,板橋區,中山國小地下停車場,121.44859,25.0008,False,False,True,True,True,False,False,"公車站,學校,公園",OpenStreetMap300公尺＋場站名稱,已分類,本機OSM_300公尺_v1
新北市,板橋區,中山路二段295巷口,121.47835,25.01851,False,False,True,True,True,True,True,"公車站,學校,公園,商圈,醫院",OpenStreetMap300公尺,已分類,本機OSM_300公尺_v1
新北市,板橋區,中山路二段416巷38弄口,121.48153,25.01936,False,False,True,True,True,False,True,"公車站,學校,公園,醫院",OpenStreetMap300公尺,已分類,本機OSM_300公尺_v1
新北市,板橋區,中山路二段443巷口,121.48102,25.02051,False,False,True,False,False,False,True,"公車站,醫院",OpenStreetMap300公尺,已分類,本機OSM_300公尺_v1
新北市,板橋區,中山路二段565巷,121.48402,25.02263,False,False,True,False,True,False,True,"公車站,公園,醫院",OpenStreetMap300公尺,已分類,本機OSM_300公尺_v1
新北市,板橋區,中山路二段90巷,121.47523,25.01634,False,False,True,True,True,True,True,"公車站,學校,公園,商圈,醫院",OpenStreetMap300公尺,已分類,本機OSM_300公尺_v1
新北市,板橋區,中正新月二街口(富江翠社區),121.45437,25.02586,False,False,True,True,True,False,False,"公車站,學校,公園",OpenStreetMap300公尺,已分類,本機OSM_300公尺_v1
新北市,板橋區,中正新月二街口(青翠社區),121.45472,25.0269,False,False,True,True,True,False,False,"公車站,學校,公園",OpenStreetMap300公尺,已分類,本機OSM_300公尺_v1
新北市,板橋區,中正路145巷口,121.4566,25.01587,False,False,True,False,True,True,True,"公車站,公園,商圈,醫院",OpenStreetMap300公尺,已分類,本機OSM_300公尺_v1
新北市,板橋區,中華電信學院,121.46684,25.00801,False,False,True,True,True,False,False,"公車站,學校,公園",OpenStreetMap300公尺＋場站名稱,已分類,本機OSM_300公尺_v1
新北市,板橋區,中華電信板橋雲端資料中心,121.45825,24.9953,False,False,True,True,True,False,False,"公車站,學校,公園",OpenStreetMap300公尺,已分類,本機OSM_300公尺_v1
新北市,板橋區,五權公園地下停車場,121.46463,24.99265,False,False,True,True,True,False,True,"公車站,學校,公園,醫院",OpenStreetMap300公尺＋場站名稱,已分類,本機OSM_300公尺_v1
新北市,板橋區,亞東醫院,121.45318,24.99837,True,False,True,True,True,False,True,"捷運站,公車站,學校,公園,醫院",OpenStreetMap300公尺＋場站名稱,已分類,本機OSM_300公尺_v1
新北市,板橋區,仁化文新路口,121.47928,25.03486,False,False,True,False,True,False,False,"公車站,公園",OpenStreetMap300公尺,已分類,本機OSM_300公尺_v1
新北市,板橋區,仁愛路62巷(14&24弄口),121.45998,24.99821,False,False,True,True,True,True,True,"公車站,學校,公園,商圈,醫院",OpenStreetMap300公尺,已分類,本機OSM_300公尺_v1
新北市,板橋區,介壽街/文化路一段188巷9弄口,121.46856,25.01979,True,False,True,True,True,False,True,"捷運站,公車站,學校,公園,醫院",OpenStreetMap300公尺,已分類,本機OSM_300公尺_v1
新北市,板橋區,信義公園市民活動中心,121.45713,24.99181,False,False,True,False,True,True,False,"公車站,公園,商圈",OpenStreetMap300公尺＋場站名稱,已分類,本機OSM_300公尺_v1
新北市,板橋區,信義和平路口,121.45721,24.99455,False,False,True,True,True,True,False,"公車站,學校,公園,商圈",OpenStreetMap300公尺,已分類,本機OSM_300公尺_v1
新北市,板橋區,信義路163巷口,121.45848,24.99271,False,False,True,False,True,False,False,"公車站,公園",OpenStreetMap300公尺,已分類,本機OSM_300公尺_v1
新北市,板橋區,健華新城社區,121.4653,25.01927,False,False,True,True,True,False,True,"公車站,學校,公園,醫院",OpenStreetMap300公尺,已分類,本機OSM_300公尺_v1
新北市,板橋區,僑中二街92巷口,121.44632,25.00879,False,False,True,True,True,False,False,"公車站,學校,公園",OpenStreetMap300公尺,已分類,本機OSM_300公尺_v1
新北市,板橋區,光復光榮巷口,121.48473,25.02139,False,False,True,False,True,False,True,"公車站,公園,醫院",OpenStreetMap300公尺,已分類,本機OSM_300公尺_v1
新北市,板橋區,光復國小,121.48169,25.01501,False,False,True,True,True,False,True,"公車站,學校,公園,醫院",OpenStreetMap300公尺＋場站名稱,已分類,本機OSM_300公尺_v1
新北市,板橋區,光復街/中山路二段412巷口,121.48399,25.01902,False,False,True,True,True,False,True,"公車站,學校,公園,醫院",OpenStreetMap300公尺,已分類,本機OSM_300公尺_v1
新北市,板橋區,光復高中,121.48229130104528,25.017036866087,False,False,True,True,True,False,True,"公車站,學校,公園,醫院",OpenStreetMap300公尺＋場站名稱,已分類,本機OSM_300公尺_v1
新北市,板橋區,八德公園,121.47482,25.02378,False,False,True,True,True,False,True,"公車站,學校,公園,醫院",OpenStreetMap300公尺＋場站名稱,已分類,本機OSM_300公尺_v1
新北市,板橋區,力行新村,121.44347,24.99917,False,False,True,True,True,False,False,"公車站,學校,公園",OpenStreetMap300公尺,已分類,本機OSM_300公尺_v1
新北市,板橋區,南雅公園,121.45526,25.00376,False,False,True,True,True,True,False,"公車站,學校,公園,商圈",OpenStreetMap300公尺＋場站名稱,已分類,本機OSM_300公尺_v1
新北市,板橋區,南雅東路(画世代社區),121.45364,25.00748,False,False,True,True,True,True,True,"公車站,學校,公園,商圈,醫院",OpenStreetMap300公尺,已分類,本機OSM_300公尺_v1
新北市,板橋區,南雅西路一段(画世代社區),121.45271,25.00688,False,False,True,True,True,True,False,"公車站,學校,公園,商圈",OpenStreetMap300公尺,已分類,本機OSM_300公尺_v1
新北市,板橋區,南雅西路二段145巷,121.45172,25.01171,False,False,True,True,True,False,False,"公車站,學校,公園",OpenStreetMap300公尺,已分類,本機OSM_300公尺_v1
新北市,板橋區,四川忠孝路口,121.45924,25.00149,False,False,True,True,True,False,True,"公車站,學校,公園,醫院",OpenStreetMap300公尺,已分類,本機OSM_300公尺_v1
新北市,板橋區,四川遠東路口,121.45759,24.99856,False,False,True,True,True,True,False,"公車站,學校,公園,商圈",OpenStreetMap300公尺,已分類,本機OSM_300公尺_v1
新北市,板橋區,四維公園地下停車場,121.46392,25.02569,True,False,True,True,True,False,False,"捷運站,公車站,學校,公園",OpenStreetMap300公尺＋場站名稱,已分類,本機OSM_300公尺_v1
新北市,板橋區,國光公園,121.454,25.0198,False,False,True,True,True,False,False,"公車站,學校,公園",OpenStreetMap300公尺＋場站名稱,已分類,本機OSM_300公尺_v1
新北市,板橋區,國光里(國光路),121.45847,25.0178,False,False,True,False,False,False,True,"公車站,醫院",OpenStreetMap300公尺,已分類,本機OSM_300公尺_v1
新北市,板橋區,國慶路149巷口,121.46151,24.99605,False,False,True,True,True,True,True,"公車站,學校,公園,商圈,醫院",OpenStreetMap300公尺,已分類,本機OSM_300公尺_v1
新北市,板橋區,國泰街111巷口,121.46617,25.00609,False,False,True,True,True,False,True,"公車站,學校,公園,醫院",OpenStreetMap300公尺,已分類,本機OSM_300公尺_v1
新北市,板橋區,埔墘國小,121.47372,25.01908,False,False,True,True,True,False,False,"公車站,學校,公園",OpenStreetMap300公尺＋場站名稱,已分類,本機OSM_300公尺_v1
新北市,板橋區,埤墘公園,121.47422,25.02332,False,False,True,True,True,False,True,"公車站,學校,公園,醫院",OpenStreetMap300公尺＋場站名稱,已分類,本機OSM_300公尺_v1
新北市,板橋區,夢奇地公園(文化路一段),121.4638,25.017,True,False,True,False,True,True,True,"捷運站,公車站,公園,商圈,醫院",OpenStreetMap300公尺＋場站名稱,已分類,本機OSM_300公尺_v1
新北市,板橋區,大明街20巷19弄口,121.45714,25.00306,False,False,True,True,True,True,True,"公車站,學校,公園,商圈,醫院",OpenStreetMap300公尺,已分類,本機OSM_300公尺_v1
新北市,板橋區,大觀國中,121.44698,25.01076,False,False,True,True,True,True,False,"公車站,學校,公園,商圈",OpenStreetMap300公尺＋場站名稱,已分類,本機OSM_300公尺_v1
新北市,板橋區,大觀段平面停車場,121.45064,25.005,False,False,False,True,True,False,False,"學校,公園",OpenStreetMap300公尺,已分類,本機OSM_300公尺_v1
新北市,板橋區,大觀路一段75巷,121.44925,25.00406,False,False,True,True,True,False,False,"公車站,學校,公園",OpenStreetMap300公尺,已分類,本機OSM_300公尺_v1
新北市,板橋區,大觀路二段19巷,121.45079,25.00256,False,False,True,True,True,False,False,"公車站,學校,公園",OpenStreetMap300公尺,已分類,本機OSM_300公尺_v1
新北市,板橋區,大觀路二段1巷,121.44863,25.00382,False,False,True,True,True,False,False,"公車站,學校,公園",OpenStreetMap300公尺,已分類,本機OSM_300公尺_v1
新北市,板橋區,大觀路二段265巷3弄口,121.44286,24.99828,False,False,True,True,True,False,False,"公車站,學校,公園",OpenStreetMap300公尺,已分類,本機OSM_300公尺_v1
新北市,板橋區,崑崙公園,121.42964,24.99341,False,False,True,True,True,True,True,"公車站,學校,公園,商圈,醫院",OpenStreetMap300公尺＋場站名稱,已分類,本機OSM_300公尺_v1
新北市,板橋區,崑崙活力廣場,121.43294,24.99402,False,False,True,True,True,False,False,"公車站,學校,公園",OpenStreetMap300公尺,已分類,本機OSM_300公尺_v1
新北市,板橋區,府中汽車停車場,121.45882,25.00745,True,False,True,False,False,True,True,"捷運站,公車站,商圈,醫院",OpenStreetMap300公尺,已分類,本機OSM_300公尺_v1
新北市,板橋區,府中立體停車場,121.45436,25.00979,False,False,True,True,True,True,True,"公車站,學校,公園,商圈,醫院",OpenStreetMap300公尺,已分類,本機OSM_300公尺_v1
新北市,板橋區,廣福公園,121.462872,24.991643,False,False,True,True,True,False,True,"公車站,學校,公園,醫院",OpenStreetMap300公尺＋場站名稱,已分類,本機OSM_300公尺_v1
新北市,板橋區,後埔國小,121.4643,25.00339,False,False,True,True,False,False,True,"公車站,學校,醫院",OpenStreetMap300公尺＋場站名稱,已分類,本機OSM_300公尺_v1
新北市,板橋區,後埔國小(實踐路/重慶路155巷口),121.46417,25.00412,False,False,True,True,True,False,True,"公車站,學校,公園,醫院",OpenStreetMap300公尺＋場站名稱,已分類,本機OSM_300公尺_v1
新北市,板橋區,忠孝國中,121.46129,25.00488,False,False,True,True,False,True,True,"公車站,學校,商圈,醫院",OpenStreetMap300公尺＋場站名稱,已分類,本機OSM_300公尺_v1
新北市,板橋區,忠孝國中地下停車場,121.46241,25.00378,False,False,True,True,False,False,True,"公車站,學校,醫院",OpenStreetMap300公尺＋場站名稱,已分類,本機OSM_300公尺_v1
新北市,板橋區,懷德街233巷(環翠社區),121.48148,25.029,False,False,True,True,True,False,False,"公車站,學校,公園",OpenStreetMap300公尺,已分類,本機OSM_300公尺_v1
新北市,板橋區,懷石公園,121.48137,25.03114,False,False,True,False,True,False,False,"公車站,公園",OpenStreetMap300公尺＋場站名稱,已分類,本機OSM_300公尺_v1
新北市,板橋區,振義里公園,121.48397,25.02389,False,False,True,False,True,False,False,"公車站,公園",OpenStreetMap300公尺＋場站名稱,已分類,本機OSM_300公尺_v1
新北市,板橋區,捷運亞東醫院站(2號出口),121.4522,24.99763,True,False,True,True,True,False,True,"捷運站,公車站,學校,公園,醫院",OpenStreetMap300公尺＋場站名稱,已分類,本機OSM_300公尺_v1
新北市,板橋區,捷運亞東醫院站(3號出口),121.45258,24.99821,True,False,True,True,True,False,True,"捷運站,公車站,學校,公園,醫院",OpenStreetMap300公尺＋場站名稱,已分類,本機OSM_300公尺_v1
新北市,板橋區,捷運府中站(1號出口),121.45904,25.00821,True,False,True,True,False,True,True,"捷運站,公車站,學校,商圈,醫院",OpenStreetMap300公尺＋場站名稱,已分類,本機OSM_300公尺_v1
新北市,板橋區,捷運府中站(3號出口),121.459,25.009,True,False,True,True,False,True,True,"捷運站,公車站,學校,商圈,醫院",OpenStreetMap300公尺＋場站名稱,已分類,本機OSM_300公尺_v1
新北市,板橋區,捷運新埔民生站,121.46657,25.02598,True,False,True,True,True,False,False,"捷運站,公車站,學校,公園",OpenStreetMap300公尺＋場站名稱,已分類,本機OSM_300公尺_v1
新北市,板橋區,捷運新埔站(1號出口),121.46745,25.0235,True,False,True,False,True,True,False,"捷運站,公車站,公園,商圈",OpenStreetMap300公尺＋場站名稱,已分類,本機OSM_300公尺_v1
新北市,板橋區,捷運新埔站(2號出口),121.46779,25.02237,True,False,True,True,True,True,False,"捷運站,公車站,學校,公園,商圈",OpenStreetMap300公尺＋場站名稱,已分類,本機OSM_300公尺_v1
新北市,板橋區,捷運新埔站(3號出口),121.46868,25.02247,True,False,True,False,True,True,False,"捷運站,公車站,公園,商圈",OpenStreetMap300公尺＋場站名稱,已分類,本機OSM_300公尺_v1
新北市,板橋區,捷運新埔站(4號出口),121.46857,25.02341,True,False,True,False,True,True,True,"捷運站,公車站,公園,商圈,醫院",OpenStreetMap300公尺＋場站名稱,已分類,本機OSM_300公尺_v1
新北市,板橋區,捷運新埔站(5號出口),121.46808,25.0235,True,False,True,False,True,True,False,"捷運站,公車站,公園,商圈",OpenStreetMap300公尺＋場站名稱,已分類,本機OSM_300公尺_v1
新北市,板橋區,捷運板新站,121.47124,25.01409,True,False,True,True,False,False,True,"捷運站,公車站,學校,醫院",OpenStreetMap300公尺＋場站名稱,已分類,本機OSM_300公尺_v1
新北市,板橋區,捷運板橋站(1號出口),121.46202,25.01335,True,True,True,True,True,True,False,"捷運站,火車站,公車站,學校,公園,商圈",OpenStreetMap300公尺＋場站名稱,已分類,本機OSM_300公尺_v1
新北市,板橋區,捷運板橋站(3號出口),121.46179,25.01452,True,True,True,True,True,True,False,"捷運站,火車站,公車站,學校,公園,商圈",OpenStreetMap300公尺＋場站名稱,已分類,本機OSM_300公尺_v1
新北市,板橋區,捷運江子翠站(1號出口),121.47162,25.03043,True,False,True,True,True,False,True,"捷運站,公車站,學校,公園,醫院",OpenStreetMap300公尺＋場站名稱,已分類,本機OSM_300公尺_v1
新北市,板橋區,捷運江子翠站(2號出口),121.472,25.02999,True,False,True,True,True,False,True,"捷運站,公車站,學校,公園,醫院",OpenStreetMap300公尺＋場站名稱,已分類,本機OSM_300公尺_v1
新北市,板橋區,捷運江子翠站(3號出口),121.47195,25.02933,True,False,True,True,True,False,True,"捷運站,公車站,學校,公園,醫院",OpenStreetMap300公尺＋場站名稱,已分類,本機OSM_300公尺_v1
新北市,板橋區,捷運江子翠站(4號出口),121.47307,25.02946,True,False,True,True,True,False,True,"捷運站,公車站,學校,公園,醫院",OpenStreetMap300公尺＋場站名稱,已分類,本機OSM_300公尺_v1
新北市,板橋區,捷運江子翠站(5號出口),121.47291,25.03046,True,False,True,True,True,False,True,"捷運站,公車站,學校,公園,醫院",OpenStreetMap300公尺＋場站名稱,已分類,本機OSM_300公尺_v1
新北市,板橋區,捷運江子翠站(6號出口),121.47314,25.03106,True,False,True,True,True,False,True,"捷運站,公車站,學校,公園,醫院",OpenStreetMap300公尺＋場站名稱,已分類,本機OSM_300公尺_v1
新北市,板橋區,捷運環狀線板橋站(5號出口),121.46359,25.01598,True,True,True,False,True,True,True,"捷運站,火車站,公車站,公園,商圈,醫院",OpenStreetMap300公尺＋場站名稱,已分類,本機OSM_300公尺_v1
新北市,板橋區,文丘公園,121.44966,25.02365,False,False,True,True,True,True,False,"公車站,學校,公園,商圈",OpenStreetMap300公尺＋場站名稱,已分類,本機OSM_300公尺_v1
新北市,板橋區,文化懷德街口,121.47574,25.03359,False,False,True,True,True,False,False,"公車站,學校,公園",OpenStreetMap300公尺,已分類,本機OSM_300公尺_v1
新北市,板橋區,文化路一段212巷口,121.46639,25.02021,True,False,True,True,False,False,True,"捷運站,公車站,學校,醫院",OpenStreetMap300公尺,已分類,本機OSM_300公尺_v1
新北市,板橋區,文化路二段182巷1弄,121.47241,25.02926,True,False,True,True,True,False,True,"捷運站,公車站,學校,公園,醫院",OpenStreetMap300公尺,已分類,本機OSM_300公尺_v1
新北市,板橋區,文德國小(公館街),121.45923,25.02145,False,False,True,True,True,False,True,"公車站,學校,公園,醫院",OpenStreetMap300公尺＋場站名稱,已分類,本機OSM_300公尺_v1
新北市,板橋區,文德新海路口,121.46112,25.02353,False,False,True,True,True,False,True,"公車站,學校,公園,醫院",OpenStreetMap300公尺,已分類,本機OSM_300公尺_v1
新北市,板橋區,文聖國小(松柏街50巷),121.47611,25.02929,False,False,True,True,True,False,True,"公車站,學校,公園,醫院",OpenStreetMap300公尺＋場站名稱,已分類,本機OSM_300公尺_v1
新北市,板橋區,新北市政府(新府路),121.4642,25.01245,True,True,True,False,True,True,False,"捷運站,火車站,公車站,公園,商圈",OpenStreetMap300公尺,已分類,本機OSM_300公尺_v1
新北市,板橋區,新北市政府(新站路),121.46653,25.01252,False,True,True,False,True,True,False,"火車站,公車站,公園,商圈",OpenStreetMap300公尺,已分類,本機OSM_300公尺_v1
新北市,板橋區,新北市政府板橋分局沙崙派出所,121.43032,24.98842,False,False,True,True,True,False,False,"公車站,學校,公園",OpenStreetMap300公尺,已分類,本機OSM_300公尺_v1
新北市,板橋區,新北市立圖書館總館,121.45569,25.00147,False,False,True,True,True,False,False,"公車站,學校,公園",OpenStreetMap300公尺,已分類,本機OSM_300公尺_v1
新北市,板橋區,新北市藝文中心,121.47251,25.0262,False,False,True,True,True,False,True,"公車站,學校,公園,醫院",OpenStreetMap300公尺,已分類,本機OSM_300公尺_v1
新北市,板橋區,新北市藝文中心(文化路二段124巷),121.4714,25.02563,True,False,True,True,True,False,True,"捷運站,公車站,學校,公園,醫院",OpenStreetMap300公尺,已分類,本機OSM_300公尺_v1
新北市,板橋區,新崑公園,121.43249,24.99968,False,False,True,True,True,False,False,"公車站,學校,公園",OpenStreetMap300公尺＋場站名稱,已分類,本機OSM_300公尺_v1
新北市,板橋區,新府區運路口,121.46546,25.01016,False,False,True,False,True,True,False,"公車站,公園,商圈",OpenStreetMap300公尺,已分類,本機OSM_300公尺_v1
新北市,板橋區,新月二綠堤街口,121.45526,25.02627,False,False,True,True,True,False,False,"公車站,學校,公園",OpenStreetMap300公尺,已分類,本機OSM_300公尺_v1
新北市,板橋區,新民民族路口,121.4638,25.0094,False,False,True,False,True,True,True,"公車站,公園,商圈,醫院",OpenStreetMap300公尺,已分類,本機OSM_300公尺_v1
新北市,板橋區,新海抽水站停車場,121.45537,25.02776,False,False,True,True,True,False,False,"公車站,學校,公園",OpenStreetMap300公尺,已分類,本機OSM_300公尺_v1
新北市,板橋區,新海長江路口,121.45779,25.02788,False,False,True,True,True,False,False,"公車站,學校,公園",OpenStreetMap300公尺,已分類,本機OSM_300公尺_v1
新北市,板橋區,時光公園,121.47948,25.03622,False,False,True,False,True,False,False,"公車站,公園",OpenStreetMap300公尺＋場站名稱,已分類,本機OSM_300公尺_v1
新北市,板橋區,望月公園,121.45787,25.02997,False,False,True,False,True,False,True,"公車站,公園,醫院",OpenStreetMap300公尺＋場站名稱,已分類,本機OSM_300公尺_v1
新北市,板橋區,松柏街15巷口,121.4742,25.0296,True,False,True,True,True,False,True,"捷運站,公車站,學校,公園,醫院",OpenStreetMap300公尺,已分類,本機OSM_300公尺_v1
新北市,板橋區,松柏街50巷90弄口,121.47621,25.02833,False,False,True,True,True,False,True,"公車站,學校,公園,醫院",OpenStreetMap300公尺,已分類,本機OSM_300公尺_v1
新北市,板橋區,板新中山路一段口,121.47161,25.01491,True,False,True,False,False,False,True,"捷運站,公車站,醫院",OpenStreetMap300公尺,已分類,本機OSM_300公尺_v1
新北市,板橋區,板林溪北路口,121.42636,24.99057,False,True,True,False,True,True,True,"火車站,公車站,公園,商圈,醫院",OpenStreetMap300公尺,已分類,本機OSM_300公尺_v1
新北市,板橋區,板樹體育館,121.42758,24.9822,False,False,True,True,True,False,False,"公車站,學校,公園",OpenStreetMap300公尺,已分類,本機OSM_300公尺_v1
新北市,板橋區,板橋435藝文特區,121.45269,25.02396,False,False,True,True,True,False,False,"公車站,學校,公園",OpenStreetMap300公尺,已分類,本機OSM_300公尺_v1
新北市,板橋區,板橋435藝文特區(環河西路),121.4506,25.02473,False,False,True,True,True,False,False,"公車站,學校,公園",OpenStreetMap300公尺,已分類,本機OSM_300公尺_v1
新北市,板橋區,板橋中山公園,121.47109,25.02336,True,False,True,True,True,True,True,"捷運站,公車站,學校,公園,商圈,醫院",OpenStreetMap300公尺＋場站名稱,已分類,本機OSM_300公尺_v1
新北市,板橋區,板橋仁愛公園,121.45971,24.99601,False,False,True,True,True,True,True,"公車站,學校,公園,商圈,醫院",OpenStreetMap300公尺＋場站名稱,已分類,本機OSM_300公尺_v1
新北市,板橋區,板橋信義公園,121.45622,24.99625,False,False,True,True,True,True,True,"公車站,學校,公園,商圈,醫院",OpenStreetMap300公尺＋場站名稱,已分類,本機OSM_300公尺_v1
新北市,板橋區,板橋公車站,121.4621,25.01269,True,True,True,True,True,True,True,"捷運站,火車站,公車站,學校,公園,商圈,醫院",OpenStreetMap300公尺＋場站名稱,已分類,本機OSM_300公尺_v1
新北市,板橋區,板橋和平公園,121.46427,24.99766,False,False,True,True,True,True,True,"公車站,學校,公園,商圈,醫院",OpenStreetMap300公尺＋場站名稱,已分類,本機OSM_300公尺_v1
新北市,板橋區,板橋四維公園,121.46319,25.02452,False,False,True,True,True,False,False,"公車站,學校,公園",OpenStreetMap300公尺＋場站名稱,已分類,本機OSM_300公尺_v1
新北市,板橋區,板橋國中,121.45437,25.02499,False,False,True,True,True,False,False,"公車站,學校,公園",OpenStreetMap300公尺＋場站名稱,已分類,本機OSM_300公尺_v1
新北市,板橋區,板橋國小,121.45799,25.01035,True,False,True,True,True,True,True,"捷運站,公車站,學校,公園,商圈,醫院",OpenStreetMap300公尺＋場站名稱,已分類,本機OSM_300公尺_v1
新北市,板橋區,板橋國民運動中心,121.45815,25.02224,False,False,True,True,True,False,True,"公車站,學校,公園,醫院",OpenStreetMap300公尺,已分類,本機OSM_300公尺_v1
新北市,板橋區,板橋地政事務所,121.46333,25.00841,False,False,True,False,True,True,True,"公車站,公園,商圈,醫院",OpenStreetMap300公尺,已分類,本機OSM_300公尺_v1
新北市,板橋區,板橋戶政事務所,121.45646,25.01309,False,False,True,True,True,True,True,"公車站,學校,公園,商圈,醫院",OpenStreetMap300公尺,已分類,本機OSM_300公尺_v1
新北市,板橋區,板橋戶政事務所海山辦事處,121.47038,25.01182,False,False,True,True,True,True,True,"公車站,學校,公園,商圈,醫院",OpenStreetMap300公尺,已分類,本機OSM_300公尺_v1
新北市,板橋區,板橋果菜批發市場,121.45004,25.02113,False,False,True,True,True,True,False,"公車站,學校,公園,商圈",OpenStreetMap300公尺＋場站名稱,已分類,本機OSM_300公尺_v1
新北市,板橋區,板橋真武廟,121.48594,25.02046,False,False,True,False,True,False,False,"公車站,公園",OpenStreetMap300公尺,已分類,本機OSM_300公尺_v1
新北市,板橋區,板橋福德公園,121.46734,25.01156,False,False,True,True,True,True,True,"公車站,學校,公園,商圈,醫院",OpenStreetMap300公尺＋場站名稱,已分類,本機OSM_300公尺_v1
新北市,板橋區,板橋第一運動場,121.46799,25.00914,False,False,True,True,True,False,False,"公車站,學校,公園",OpenStreetMap300公尺,已分類,本機OSM_300公尺_v1
新北市,板橋區,板橋第二運動場(皇翔建設),121.45897,25.01387,True,False,True,True,True,True,False,"捷運站,公車站,學校,公園,商圈",OpenStreetMap300公尺,已分類,本機OSM_300公尺_v1
新北市,板橋區,板橋車站,121.463735,25.015519,True,True,True,False,True,True,True,"捷運站,火車站,公車站,公園,商圈,醫院",OpenStreetMap300公尺＋場站名稱,已分類,本機OSM_300公尺_v1
新北市,板橋區,板橋車站(新站路),121.46438,25.01529,True,True,True,False,True,True,True,"捷運站,火車站,公車站,公園,商圈,醫院",OpenStreetMap300公尺＋場站名稱,已分類,本機OSM_300公尺_v1
新北市,板橋區,板橋重慶公園,121.463,25.0001,False,False,True,True,True,True,True,"公車站,學校,公園,商圈,醫院",OpenStreetMap300公尺＋場站名稱,已分類,本機OSM_300公尺_v1
新北市,板橋區,林本源園邸,121.45598,25.01086,False,False,True,True,True,True,True,"公車站,學校,公園,商圈,醫院",OpenStreetMap300公尺,已分類,本機OSM_300公尺_v1
新北市,板橋區,民族路225巷,121.46995,25.00779,False,False,True,True,True,False,True,"公車站,學校,公園,醫院",OpenStreetMap300公尺,已分類,本機OSM_300公尺_v1
新北市,板橋區,民治街81巷,121.48005,25.03223,False,False,True,False,True,False,True,"公車站,公園,醫院",OpenStreetMap300公尺,已分類,本機OSM_300公尺_v1
新北市,板橋區,民生中山路口,121.47346,25.01606,True,False,True,True,False,True,True,"捷運站,公車站,學校,商圈,醫院",OpenStreetMap300公尺,已分類,本機OSM_300公尺_v1
新北市,板橋區,民生公園,121.47542,25.01368,True,False,True,False,True,True,True,"捷運站,公車站,公園,商圈,醫院",OpenStreetMap300公尺＋場站名稱,已分類,本機OSM_300公尺_v1
新北市,板橋區,民生縣民大道口(東南側),121.47166,25.01862,False,False,True,True,True,False,False,"公車站,學校,公園",OpenStreetMap300公尺,已分類,本機OSM_300公尺_v1
新北市,板橋區,民生路二段/文化路一段286巷口,121.46885,25.02132,True,False,True,False,True,True,False,"捷運站,公車站,公園,商圈",OpenStreetMap300公尺,已分類,本機OSM_300公尺_v1
新北市,板橋區,民生路二段226巷8弄,121.46996,25.02151,True,False,True,False,True,True,True,"捷運站,公車站,公園,商圈,醫院",OpenStreetMap300公尺,已分類,本機OSM_300公尺_v1
新北市,板橋區,民生長江路口,121.46346,25.03134,False,False,True,False,True,False,True,"公車站,公園,醫院",OpenStreetMap300公尺,已分類,本機OSM_300公尺_v1
新北市,板橋區,永安公園,121.47776,25.02418,False,False,True,True,True,False,True,"公車站,學校,公園,醫院",OpenStreetMap300公尺＋場站名稱,已分類,本機OSM_300公尺_v1
新北市,板橋區,永翠藝文街口(大禾社區),121.45029,25.01801,False,False,False,True,True,True,False,"學校,公園,商圈",OpenStreetMap300公尺,已分類,本機OSM_300公尺_v1
新北市,板橋區,永翠藝文街口(柏克萊公園社區),121.45066,25.01811,False,False,False,True,True,True,False,"學校,公園,商圈",OpenStreetMap300公尺＋場站名稱,已分類,本機OSM_300公尺_v1
新北市,板橋區,永豐公園活動中心,121.47685,25.02113,False,False,True,True,True,False,True,"公車站,學校,公園,醫院",OpenStreetMap300公尺＋場站名稱,已分類,本機OSM_300公尺_v1
新北市,板橋區,江翠國中,121.46848,25.02858,True,False,True,True,True,False,False,"捷運站,公車站,學校,公園",OpenStreetMap300公尺＋場站名稱,已分類,本機OSM_300公尺_v1
新北市,板橋區,江翠國中活動中心地下停車場,121.46623,25.02838,True,False,True,True,False,False,False,"捷運站,公車站,學校",OpenStreetMap300公尺＋場站名稱,已分類,本機OSM_300公尺_v1
新北市,板橋區,江翠國小,121.47431,25.03236,True,False,True,True,True,False,True,"捷運站,公車站,學校,公園,醫院",OpenStreetMap300公尺＋場站名稱,已分類,本機OSM_300公尺_v1
新北市,板橋區,浮洲合宜住宅(合安一合宜路口),121.44863,24.99849,False,False,True,True,True,False,False,"公車站,學校,公園",OpenStreetMap300公尺,已分類,本機OSM_300公尺_v1
新北市,板橋區,浮洲合宜住宅(合安一路),121.4465,24.99946,False,False,True,True,True,False,False,"公車站,學校,公園",OpenStreetMap300公尺,已分類,本機OSM_300公尺_v1
新北市,板橋區,浮洲合宜住宅(合宜一合宜路口),121.44602,24.99536,False,False,True,True,True,False,False,"公車站,學校,公園",OpenStreetMap300公尺,已分類,本機OSM_300公尺_v1
新北市,板橋區,浮洲合宜住宅(合宜一路),121.44276,24.99652,False,False,True,True,True,False,False,"公車站,學校,公園",OpenStreetMap300公尺,已分類,本機OSM_300公尺_v1
新北市,板橋區,浮洲合宜住宅(樂群路),121.44642,24.99702,False,False,True,True,True,False,False,"公車站,學校,公園",OpenStreetMap300公尺,已分類,本機OSM_300公尺_v1
新北市,板橋區,浮洲火車站,121.44425,25.0041,False,True,True,True,True,False,False,"火車站,公車站,學校,公園",OpenStreetMap300公尺＋場站名稱,已分類,本機OSM_300公尺_v1
新北市,板橋區,浮洲運動公園,121.4498,25.01419,False,False,True,False,True,False,False,"公車站,公園",OpenStreetMap300公尺＋場站名稱,已分類,本機OSM_300公尺_v1
新北市,板橋區,海山高中,121.47149,25.00911,False,False,True,True,True,True,True,"公車站,學校,公園,商圈,醫院",OpenStreetMap300公尺＋場站名稱,已分類,本機OSM_300公尺_v1
新北市,板橋區,海山高中(漢生東路),121.47048,25.01067,False,False,True,True,True,True,True,"公車站,學校,公園,商圈,醫院",OpenStreetMap300公尺＋場站名稱,已分類,本機OSM_300公尺_v1
新北市,板橋區,港嘴活動中心,121.4814,25.02578,False,False,True,True,True,False,True,"公車站,學校,公園,醫院",OpenStreetMap300公尺,已分類,本機OSM_300公尺_v1
新北市,板橋區,港德攤集區(中正路236巷),121.4597,25.01975,False,False,True,True,True,False,False,"公車站,學校,公園",OpenStreetMap300公尺,已分類,本機OSM_300公尺_v1
新北市,板橋區,湳仔二橋,121.45192,25.00118,True,False,True,True,True,False,False,"捷運站,公車站,學校,公園",OpenStreetMap300公尺,已分類,本機OSM_300公尺_v1
新北市,板橋區,湳仔溝抽水站,121.44828,25.02184,False,False,True,False,True,True,False,"公車站,公園,商圈",OpenStreetMap300公尺,已分類,本機OSM_300公尺_v1
新北市,板橋區,湳雅夜市停車場,121.45345,25.00557,False,False,True,True,True,True,False,"公車站,學校,公園,商圈",OpenStreetMap300公尺＋場站名稱,已分類,本機OSM_300公尺_v1
新北市,板橋區,湳雅觀光夜市(津渡橋),121.45231,25.0079,False,False,True,True,True,True,False,"公車站,學校,公園,商圈",OpenStreetMap300公尺＋場站名稱,已分類,本機OSM_300公尺_v1
新北市,板橋區,溪北公園,121.43224,24.98999,False,False,True,True,True,False,False,"公車站,學校,公園",OpenStreetMap300公尺＋場站名稱,已分類,本機OSM_300公尺_v1
新北市,板橋區,溪城金門街口,121.4269,24.98356,False,False,True,True,True,False,False,"公車站,學校,公園",OpenStreetMap300公尺,已分類,本機OSM_300公尺_v1
新北市,板橋區,溪洲公園停車場,121.42686,24.98698,False,False,True,True,True,False,False,"公車站,學校,公園",OpenStreetMap300公尺＋場站名稱,已分類,本機OSM_300公尺_v1
新北市,板橋區,溪頭公園,121.46852,25.03312,False,False,True,False,True,True,False,"公車站,公園,商圈",OpenStreetMap300公尺＋場站名稱,已分類,本機OSM_300公尺_v1
新北市,板橋區,漢生東路193巷口,121.47128,25.01225,True,False,True,True,True,True,True,"捷運站,公車站,學校,公園,商圈,醫院",OpenStreetMap300公尺,已分類,本機OSM_300公尺_v1
新北市,板橋區,潤泰社區,121.47938,25.01795,False,False,True,True,True,True,True,"公車站,學校,公園,商圈,醫院",OpenStreetMap300公尺,已分類,本機OSM_300公尺_v1
新北市,板橋區,玫瑰公園,121.45544,25.02373,False,False,True,True,True,False,True,"公車站,學校,公園,醫院",OpenStreetMap300公尺＋場站名稱,已分類,本機OSM_300公尺_v1
新北市,板橋區,環河公園,121.45064,25.01666,False,False,True,True,True,True,False,"公車站,學校,公園,商圈",OpenStreetMap300公尺＋場站名稱,已分類,本機OSM_300公尺_v1
新北市,板橋區,環河西大漢街口,121.4612,25.03183,False,False,True,False,True,False,True,"公車站,公園,醫院",OpenStreetMap300公尺,已分類,本機OSM_300公尺_v1
新北市,板橋區,環河西新月一街口(新月天地社區),121.453,25.0267,False,False,True,True,True,False,False,"公車站,學校,公園",OpenStreetMap300公尺,已分類,本機OSM_300公尺_v1
新北市,板橋區,環河西華江六路口(翠亨村社區),121.4709,25.03609,False,False,True,False,True,False,False,"公車站,公園",OpenStreetMap300公尺,已分類,本機OSM_300公尺_v1
新北市,板橋區,生態北公園,121.45643,24.99952,False,False,True,False,True,False,False,"公車站,公園",OpenStreetMap300公尺＋場站名稱,已分類,本機OSM_300公尺_v1
新北市,板橋區,生態南公園,121.45504,24.99602,False,False,True,True,True,True,True,"公車站,學校,公園,商圈,醫院",OpenStreetMap300公尺＋場站名稱,已分類,本機OSM_300公尺_v1
新北市,板橋區,田單北街/懷德街201巷(一川社區),121.48186,25.03025,False,False,True,False,True,False,False,"公車站,公園",OpenStreetMap300公尺,已分類,本機OSM_300公尺_v1
新北市,板橋區,石雕公園,121.46947,25.03026,True,False,True,True,True,True,True,"捷運站,公車站,學校,公園,商圈,醫院",OpenStreetMap300公尺＋場站名稱,已分類,本機OSM_300公尺_v1
新北市,板橋區,稚匯公園(華江三路),121.47255,25.03562,False,False,True,True,True,False,False,"公車站,學校,公園",OpenStreetMap300公尺＋場站名稱,已分類,本機OSM_300公尺_v1
新北市,板橋區,縣民大道三段270巷口,121.47835,25.02323,False,False,True,True,True,False,True,"公車站,學校,公園,醫院",OpenStreetMap300公尺,已分類,本機OSM_300公尺_v1
新北市,板橋區,縣民富山街口,121.47605,25.02201,False,False,True,True,True,False,False,"公車站,學校,公園",OpenStreetMap300公尺,已分類,本機OSM_300公尺_v1
新北市,板橋區,縣民板城路口,121.45325,25.00392,False,False,True,True,True,True,False,"公車站,學校,公園,商圈",OpenStreetMap300公尺,已分類,本機OSM_300公尺_v1
新北市,板橋區,縣民民族路口,121.461,25.01,True,False,True,True,True,True,True,"捷運站,公車站,學校,公園,商圈,醫院",OpenStreetMap300公尺,已分類,本機OSM_300公尺_v1
新北市,板橋區,縣民民生路口,121.47072,25.01836,False,False,True,True,True,False,False,"公車站,學校,公園",OpenStreetMap300公尺,已分類,本機OSM_300公尺_v1
新北市,板橋區,縣民漢生東路口,121.46779,25.01578,True,False,True,True,True,True,False,"捷運站,公車站,學校,公園,商圈",OpenStreetMap300公尺,已分類,本機OSM_300公尺_v1
新北市,板橋區,縣民漢生東路口(西北側),121.46624,25.01531,True,True,True,True,True,True,False,"捷運站,火車站,公車站,學校,公園,商圈",OpenStreetMap300公尺,已分類,本機OSM_300公尺_v1
新北市,板橋區,縣民觀光街口,121.4692,25.01702,False,False,True,True,True,False,False,"公車站,學校,公園",OpenStreetMap300公尺,已分類,本機OSM_300公尺_v1
新北市,板橋區,聖若望平面停車場,121.45188,25.01068,False,False,True,True,True,True,False,"公車站,學校,公園,商圈",OpenStreetMap300公尺,已分類,本機OSM_300公尺_v1
新北市,板橋區,聯合醫院板橋院區,121.45789,25.02406,False,False,True,True,True,False,True,"公車站,學校,公園,醫院",OpenStreetMap300公尺＋場站名稱,已分類,本機OSM_300公尺_v1
新北市,板橋區,致理科技大學,121.46271,25.02025,False,False,True,True,True,False,True,"公車站,學校,公園,醫院",OpenStreetMap300公尺＋場站名稱,已分類,本機OSM_300公尺_v1
新北市,板橋區,臺灣藝術大學,121.448,25.0075,False,False,True,True,True,False,False,"公車站,學校,公園",OpenStreetMap300公尺＋場站名稱,已分類,本機OSM_300公尺_v1
新北市,板橋區,莊敬公園,121.47025,25.02062,True,False,True,False,True,False,False,"捷運站,公車站,公園",OpenStreetMap300公尺＋場站名稱,已分類,本機OSM_300公尺_v1
新北市,板橋區,莊敬路25巷口,121.47338,25.02734,True,False,True,True,True,False,True,"捷運站,公車站,學校,公園,醫院",OpenStreetMap300公尺,已分類,本機OSM_300公尺_v1
新北市,板橋區,莒光國小,121.47465,25.02565,False,False,True,True,True,False,True,"公車站,學校,公園,醫院",OpenStreetMap300公尺＋場站名稱,已分類,本機OSM_300公尺_v1
新北市,板橋區,華中公園,121.44676,25.0189,False,False,False,False,True,True,False,"公園,商圈",OpenStreetMap300公尺＋場站名稱,已分類,本機OSM_300公尺_v1
新北市,板橋區,華德公園,121.45279,24.99195,False,False,True,True,True,True,False,"公車站,學校,公園,商圈",OpenStreetMap300公尺＋場站名稱,已分類,本機OSM_300公尺_v1
新北市,板橋區,華德公園平面停車場,121.45339,24.99292,False,False,True,True,True,True,False,"公車站,學校,公園,商圈",OpenStreetMap300公尺＋場站名稱,已分類,本機OSM_300公尺_v1
新北市,板橋區,華江一華江九路口,121.46681,25.033,False,False,True,False,True,True,False,"公車站,公園,商圈",OpenStreetMap300公尺,已分類,本機OSM_300公尺_v1
新北市,板橋區,華江一華江二路口(吾界社區),121.47677,25.03596,False,False,True,False,True,False,False,"公車站,公園",OpenStreetMap300公尺,已分類,本機OSM_300公尺_v1
新北市,板橋區,華江一華江二路口(江匯Life社區),121.47656,25.03588,False,False,True,False,True,False,False,"公車站,公園",OpenStreetMap300公尺,已分類,本機OSM_300公尺_v1
新北市,板橋區,華江一華江五路口(雙江翠社區),121.47253,25.03485,False,False,True,True,True,False,False,"公車站,學校,公園",OpenStreetMap300公尺,已分類,本機OSM_300公尺_v1
新北市,板橋區,華江一華江六路口(仰真社區),121.47,25.034,False,False,True,False,True,True,False,"公車站,公園,商圈",OpenStreetMap300公尺,已分類,本機OSM_300公尺_v1
新北市,板橋區,華江九華江一路口(匯翠社區),121.466,25.033,False,False,True,False,True,False,False,"公車站,公園",OpenStreetMap300公尺,已分類,本機OSM_300公尺_v1
新北市,板橋區,華江二華江一路口(帝國花園廣場社區),121.47523,25.03544,False,False,True,True,True,False,False,"公車站,學校,公園",OpenStreetMap300公尺,已分類,本機OSM_300公尺_v1
新北市,板橋區,華江五華江一路口(帝國花園廣場社區),121.47336,25.03474,False,False,True,True,True,False,False,"公車站,學校,公園",OpenStreetMap300公尺,已分類,本機OSM_300公尺_v1
新北市,板橋區,華江公園,121.47099,25.01946,False,False,True,True,True,False,False,"公車站,學校,公園",OpenStreetMap300公尺＋場站名稱,已分類,本機OSM_300公尺_v1
新北市,板橋區,華江橋自行車牽引道,121.48046,25.03562,False,False,True,False,True,False,False,"公車站,公園",OpenStreetMap300公尺,已分類,本機OSM_300公尺_v1
新北市,板橋區,萬板文聖街口,121.47973,25.02638,False,False,True,True,True,False,True,"公車站,學校,公園,醫院",OpenStreetMap300公尺,已分類,本機OSM_300公尺_v1
新北市,板橋區,萬板高架橋下停車場,121.48183,25.02729,False,False,True,True,True,False,True,"公車站,學校,公園,醫院",OpenStreetMap300公尺,已分類,本機OSM_300公尺_v1
新北市,板橋區,藝文一永翠路口,121.45268,25.0224,False,False,True,True,True,False,False,"公車站,學校,公園",OpenStreetMap300公尺,已分類,本機OSM_300公尺_v1
新北市,板橋區,藝文二永翠路口(青峰社區),121.45221,25.02142,False,False,True,True,True,True,False,"公車站,學校,公園,商圈",OpenStreetMap300公尺,已分類,本機OSM_300公尺_v1
新北市,板橋區,藝文藝文二街口(大悅社區),121.45157,25.021765,False,False,True,True,True,True,False,"公車站,學校,公園,商圈",OpenStreetMap300公尺,已分類,本機OSM_300公尺_v1
新北市,板橋區,西安市民活動中心,121.47188,25.01712,True,False,True,True,True,False,True,"捷運站,公車站,學校,公園,醫院",OpenStreetMap300公尺,已分類,本機OSM_300公尺_v1
新北市,板橋區,重慶國小,121.46253,24.99373,False,False,True,True,True,True,True,"公車站,學校,公園,商圈,醫院",OpenStreetMap300公尺＋場站名稱,已分類,本機OSM_300公尺_v1
新北市,板橋區,重慶國小(和平路101巷),121.46216,24.99537,False,False,True,True,True,True,True,"公車站,學校,公園,商圈,醫院",OpenStreetMap300公尺＋場站名稱,已分類,本機OSM_300公尺_v1
新北市,板橋區,重慶路89巷,121.46206,25.00633,False,False,True,True,True,True,True,"公車站,學校,公園,商圈,醫院",OpenStreetMap300公尺,已分類,本機OSM_300公尺_v1
新北市,板橋區,長安街251巷,121.47236,25.01063,False,False,True,True,True,True,True,"公車站,學校,公園,商圈,醫院",OpenStreetMap300公尺,已分類,本機OSM_300公尺_v1
新北市,板橋區,雙十萬板路口,121.47718,25.02538,False,False,True,True,True,False,True,"公車站,學校,公園,醫院",OpenStreetMap300公尺,已分類,本機OSM_300公尺_v1
新北市,板橋區,音樂公園,121.48039,25.02856,False,False,True,True,True,False,True,"公車站,學校,公園,醫院",OpenStreetMap300公尺＋場站名稱,已分類,本機OSM_300公尺_v1
新北市,板橋區,香社一藝文街口(歡喜市社區),121.451,25.0208,False,False,True,True,True,True,False,"公車站,學校,公園,商圈",OpenStreetMap300公尺,已分類,本機OSM_300公尺_v1
新北市,板橋區,馥華公園,121.44564,25.00607,False,True,True,True,True,False,False,"火車站,公車站,學校,公園",OpenStreetMap300公尺＋場站名稱,已分類,本機OSM_300公尺_v1
新北市,板橋區,黃石中繼市場,121.45699,25.0125,False,False,True,True,True,True,True,"公車站,學校,公園,商圈,醫院",OpenStreetMap300公尺＋場站名稱,已分類,本機OSM_300公尺_v1
新北市,林口區,三井Outlet,121.36629,25.07158,False,False,True,False,True,True,True,"公車站,公園,商圈,醫院",OpenStreetMap300公尺,已分類,本機OSM_300公尺_v1
新北市,林口區,中山佳林路口,121.38527,25.07923,False,False,True,True,False,True,True,"公車站,學校,商圈,醫院",OpenStreetMap300公尺,已分類,本機OSM_300公尺_v1
新北市,林口區,中山文化二路口,121.37942,25.08288,False,False,True,False,True,False,False,"公車站,公園",OpenStreetMap300公尺,已分類,本機OSM_300公尺_v1
新北市,林口區,井泉公園,121.35665,25.0697,False,False,False,True,True,False,False,"學校,公園",OpenStreetMap300公尺＋場站名稱,已分類,本機OSM_300公尺_v1
新北市,林口區,仁愛文化二路口,121.37354,25.0777,False,False,True,True,True,True,True,"公車站,學校,公園,商圈,醫院",OpenStreetMap300公尺,已分類,本機OSM_300公尺_v1
新北市,林口區,佳林國中(文化一路),121.38353,25.08141,False,False,True,True,True,True,False,"公車站,學校,公園,商圈",OpenStreetMap300公尺＋場站名稱,已分類,本機OSM_300公尺_v1
新北市,林口區,信義文化三路口,121.37541,25.08214,False,False,True,True,True,False,False,"公車站,學校,公園",OpenStreetMap300公尺,已分類,本機OSM_300公尺_v1
新北市,林口區,八德文化三路口,121.35992,25.06597,True,False,True,False,True,True,True,"捷運站,公車站,公園,商圈,醫院",OpenStreetMap300公尺,已分類,本機OSM_300公尺_v1
新北市,林口區,八德路500巷,121.35626,25.06715,False,False,False,True,True,False,True,"學校,公園,醫院",OpenStreetMap300公尺,已分類,本機OSM_300公尺_v1
新北市,林口區,力行公園,121.36892,25.07776,False,False,True,True,True,False,False,"公車站,學校,公園",OpenStreetMap300公尺＋場站名稱,已分類,本機OSM_300公尺_v1
新北市,林口區,南勢六街81巷口,121.35475,25.07255,False,False,True,False,True,False,False,"公車站,公園",OpenStreetMap300公尺,已分類,本機OSM_300公尺_v1
新北市,林口區,南勢國中,121.36232,25.07486,False,False,True,False,True,False,False,"公車站,學校,公園",OpenStreetMap300公尺＋場站名稱,已分類,本機OSM_300公尺_v1
新北市,林口區,南勢市民活動中心,121.35914,25.07393,False,False,True,True,True,False,False,"公車站,學校,公園",OpenStreetMap300公尺,已分類,本機OSM_300公尺_v1
新北市,林口區,四維文化一路口,121.37982,25.07664,False,False,True,True,True,False,False,"公車站,學校,公園",OpenStreetMap300公尺,已分類,本機OSM_300公尺_v1
新北市,林口區,四維文化二路口,121.37604,25.07899,False,False,True,True,True,False,True,"公車站,學校,公園,醫院",OpenStreetMap300公尺,已分類,本機OSM_300公尺_v1
新北市,林口區,國家檔案館,121.37472,25.07353,False,False,True,False,True,True,False,"公車站,公園,商圈",OpenStreetMap300公尺,已分類,本機OSM_300公尺_v1
新北市,林口區,國家檔案館(文化一路),121.37527,25.07285,False,False,True,True,True,False,False,"公車站,學校,公園",OpenStreetMap300公尺,已分類,本機OSM_300公尺_v1
新北市,林口區,國立師範大學林口校區,121.39795,25.06804,False,False,True,True,True,False,False,"公車站,學校,公園",OpenStreetMap300公尺＋場站名稱,已分類,本機OSM_300公尺_v1
新北市,林口區,大崙公園,121.36,25.0766,False,False,True,True,True,False,False,"公車站,學校,公園",OpenStreetMap300公尺＋場站名稱,已分類,本機OSM_300公尺_v1
新北市,林口區,宗北公園,121.3838,25.08809,False,False,True,False,True,False,False,"公車站,公園",OpenStreetMap300公尺＋場站名稱,已分類,本機OSM_300公尺_v1
新北市,林口區,富貴森林公園,121.37831,25.08296,False,False,True,False,True,False,False,"公車站,公園",OpenStreetMap300公尺＋場站名稱,已分類,本機OSM_300公尺_v1
新北市,林口區,崇林國中,121.37134,25.06754,False,False,True,True,True,False,False,"公車站,學校,公園",OpenStreetMap300公尺＋場站名稱,已分類,本機OSM_300公尺_v1
新北市,林口區,師大林口校區正樓後,121.4033,25.06944,False,False,True,True,False,False,False,"公車站,學校",OpenStreetMap300公尺＋場站名稱,已分類,本機OSM_300公尺_v1
新北市,林口區,師大林口校區行政大樓,121.40133,25.06726,False,False,True,True,False,False,False,"公車站,學校",OpenStreetMap300公尺＋場站名稱,已分類,本機OSM_300公尺_v1
新北市,林口區,師大林口校區誠樓前,121.4022,25.06929,False,False,True,True,False,False,False,"公車站,學校",OpenStreetMap300公尺＋場站名稱,已分類,本機OSM_300公尺_v1
新北市,林口區,師大林口校區體育館前,121.40216,25.06703,False,False,True,True,False,False,False,"公車站,學校",OpenStreetMap300公尺＋場站名稱,已分類,本機OSM_300公尺_v1
新北市,林口區,廣停二停車場,121.37045,25.0755,False,False,True,False,True,False,True,"公車站,公園,醫院",OpenStreetMap300公尺,已分類,本機OSM_300公尺_v1
新北市,林口區,忠孝二文化二路口,121.36541,25.06913,False,False,True,True,False,True,True,"公車站,學校,商圈,醫院",OpenStreetMap300公尺,已分類,本機OSM_300公尺_v1
新北市,林口區,忠孝公園路口,121.36982,25.0712,False,False,True,True,True,True,True,"公車站,學校,公園,商圈,醫院",OpenStreetMap300公尺＋場站名稱,已分類,本機OSM_300公尺_v1
新北市,林口區,忠福南勢一街口,121.36137,25.07744,False,False,True,False,True,False,False,"公車站,公園",OpenStreetMap300公尺,已分類,本機OSM_300公尺_v1
新北市,林口區,扶輪公園,121.36932,25.07298,False,False,True,False,True,True,True,"公車站,公園,商圈,醫院",OpenStreetMap300公尺＋場站名稱,已分類,本機OSM_300公尺_v1
新北市,林口區,扶輪公園(忠孝路),121.3685,25.07239,False,False,True,False,True,True,True,"公車站,公園,商圈,醫院",OpenStreetMap300公尺＋場站名稱,已分類,本機OSM_300公尺_v1
新北市,林口區,捷運林口站(1號出口),121.36251,25.06599,True,False,True,False,True,True,False,"捷運站,公車站,公園,商圈",OpenStreetMap300公尺＋場站名稱,已分類,本機OSM_300公尺_v1
新北市,林口區,文化一路一段190巷口,121.37905,25.07549,False,False,True,True,True,False,False,"公車站,學校,公園",OpenStreetMap300公尺,已分類,本機OSM_300公尺_v1
新北市,林口區,文化一路一段91巷口,121.37217,25.07048,False,False,True,True,True,False,True,"公車站,學校,公園,醫院",OpenStreetMap300公尺,已分類,本機OSM_300公尺_v1
新北市,林口區,文化一麗園路2巷口,121.37494,25.07222,False,False,True,True,True,False,False,"公車站,學校,公園",OpenStreetMap300公尺,已分類,本機OSM_300公尺_v1
新北市,林口區,文化三四維路口,121.37414,25.07979,False,False,True,True,True,False,True,"公車站,學校,公園,醫院",OpenStreetMap300公尺,已分類,本機OSM_300公尺_v1
新北市,林口區,文化三路一段203號前,121.36246,25.07039,False,False,True,True,True,True,True,"公車站,學校,公園,商圈,醫院",OpenStreetMap300公尺,已分類,本機OSM_300公尺_v1
新北市,林口區,文化三路一段249巷,121.36309,25.07204,False,False,True,False,True,True,True,"公車站,公園,商圈,醫院",OpenStreetMap300公尺,已分類,本機OSM_300公尺_v1
新北市,林口區,文化三路一段447巷口,121.36821,25.07464,False,False,True,False,True,False,True,"公車站,公園,醫院",OpenStreetMap300公尺,已分類,本機OSM_300公尺_v1
新北市,林口區,文化二路一段260巷口,121.37107,25.07366,False,False,True,False,True,False,True,"公車站,公園,醫院",OpenStreetMap300公尺,已分類,本機OSM_300公尺_v1
新北市,林口區,文化二路一段68巷口,121.36524,25.06812,False,False,True,True,False,True,True,"公車站,學校,商圈,醫院",OpenStreetMap300公尺,已分類,本機OSM_300公尺_v1
新北市,林口區,文化北中華路口,121.37874,25.09322,False,False,True,False,True,False,False,"公車站,公園",OpenStreetMap300公尺,已分類,本機OSM_300公尺_v1
新北市,林口區,文化北忠孝一路口,121.36119,25.07376,False,False,True,True,True,False,False,"公車站,學校,公園",OpenStreetMap300公尺,已分類,本機OSM_300公尺_v1
新北市,林口區,文化北路一段412巷口,121.36492,25.07659,False,False,True,True,True,False,False,"公車站,學校,公園",OpenStreetMap300公尺,已分類,本機OSM_300公尺_v1
新北市,林口區,文化廣場,121.36629,25.07294,False,False,True,False,True,True,True,"公車站,公園,商圈,醫院",OpenStreetMap300公尺,已分類,本機OSM_300公尺_v1
新北市,林口區,文林公園,121.37525,25.08711,False,False,True,False,True,False,False,"公車站,公園",OpenStreetMap300公尺＋場站名稱,已分類,本機OSM_300公尺_v1
新北市,林口區,新北市林口行政園區,121.36394,25.07,False,False,True,False,False,True,True,"公車站,商圈,醫院",OpenStreetMap300公尺,已分類,本機OSM_300公尺_v1
新北市,林口區,新林國小,121.3595,25.07079,False,False,True,True,False,False,False,"公車站,學校",OpenStreetMap300公尺＋場站名稱,已分類,本機OSM_300公尺_v1
新北市,林口區,新麗園社區,121.37691,25.07005,False,False,True,True,True,True,False,"公車站,學校,公園,商圈",OpenStreetMap300公尺,已分類,本機OSM_300公尺_v1
新北市,林口區,東明一街121巷,121.39018,25.06976,False,False,True,False,True,False,False,"公車站,公園",OpenStreetMap300公尺,已分類,本機OSM_300公尺_v1
新北市,林口區,東明公園(興林路221巷),121.39021,25.07195,False,False,True,True,True,False,False,"公車站,學校,公園",OpenStreetMap300公尺＋場站名稱,已分類,本機OSM_300公尺_v1
新北市,林口區,松柏公園,121.37942,25.09129,False,False,True,False,True,False,False,"公車站,公園",OpenStreetMap300公尺＋場站名稱,已分類,本機OSM_300公尺_v1
新北市,林口區,林口仁愛公共托育中心,121.37412,25.07209,False,False,True,True,True,False,False,"公車站,學校,公園",OpenStreetMap300公尺,已分類,本機OSM_300公尺_v1
新北市,林口區,林口區停三停車場,121.38918,25.0788,False,False,True,True,True,True,True,"公車站,學校,公園,商圈,醫院",OpenStreetMap300公尺,已分類,本機OSM_300公尺_v1
新北市,林口區,林口區公所,121.38818,25.07674,False,False,True,True,True,True,True,"公車站,學校,公園,商圈,醫院",OpenStreetMap300公尺,已分類,本機OSM_300公尺_v1
新北市,林口區,林口吉祥公園,121.37576,25.08027,False,False,True,True,True,False,True,"公車站,學校,公園,醫院",OpenStreetMap300公尺＋場站名稱,已分類,本機OSM_300公尺_v1
新北市,林口區,林口國小,121.389,25.0805,False,False,True,True,True,True,True,"公車站,學校,公園,商圈,醫院",OpenStreetMap300公尺＋場站名稱,已分類,本機OSM_300公尺_v1
新北市,林口區,林口國民運動中心,121.38093,25.08601,False,False,True,False,True,False,False,"公車站,公園",OpenStreetMap300公尺,已分類,本機OSM_300公尺_v1
新北市,林口區,林口國民運動中心(文化三路),121.37961,25.08712,False,False,True,False,False,False,False,公車站,OpenStreetMap300公尺,已分類,本機OSM_300公尺_v1
新北市,林口區,林口夜市(中山路),121.38689,25.07914,False,False,True,True,False,True,True,"公車站,學校,商圈,醫院",OpenStreetMap300公尺＋場站名稱,已分類,本機OSM_300公尺_v1
新北市,林口區,林口婦幼公園,121.37752,25.07231,False,False,True,True,True,False,False,"公車站,學校,公園",OpenStreetMap300公尺＋場站名稱,已分類,本機OSM_300公尺_v1
新北市,林口區,林口廣停一停車場,121.3722,25.07534,False,False,True,False,True,True,True,"公車站,公園,商圈,醫院",OpenStreetMap300公尺,已分類,本機OSM_300公尺_v1
新北市,林口區,林口新創園,121.37609,25.07583,False,False,True,True,True,True,True,"公車站,學校,公園,商圈,醫院",OpenStreetMap300公尺,已分類,本機OSM_300公尺_v1
新北市,林口區,林口東湖國小,121.38195,25.07713,False,False,True,True,True,False,False,"公車站,學校,公園",OpenStreetMap300公尺＋場站名稱,已分類,本機OSM_300公尺_v1
新北市,林口區,林口社區運動公園,121.37694,25.07411,False,False,True,True,True,False,False,"公車站,學校,公園",OpenStreetMap300公尺＋場站名稱,已分類,本機OSM_300公尺_v1
新北市,林口區,林口社區運動公園(公園路),121.37429,25.07447,False,False,True,True,True,True,True,"公車站,學校,公園,商圈,醫院",OpenStreetMap300公尺＋場站名稱,已分類,本機OSM_300公尺_v1
新北市,林口區,林口老街,121.39378,25.07715,False,False,True,False,True,True,False,"公車站,公園,商圈",OpenStreetMap300公尺＋場站名稱,已分類,本機OSM_300公尺_v1
新北市,林口區,林口自強公園,121.397,25.0781,False,False,True,True,True,False,False,"公車站,學校,公園",OpenStreetMap300公尺＋場站名稱,已分類,本機OSM_300公尺_v1
新北市,林口區,林口轉運站,121.36123,25.06687,True,False,True,False,True,True,True,"捷運站,公車站,公園,商圈,醫院",OpenStreetMap300公尺＋場站名稱,已分類,本機OSM_300公尺_v1
新北市,林口區,林口郵局,121.36453,25.06667,True,False,True,True,True,True,False,"捷運站,公車站,學校,公園,商圈",OpenStreetMap300公尺,已分類,本機OSM_300公尺_v1
新北市,林口區,林口高中,121.3803,25.07384,False,False,True,True,True,False,True,"公車站,學校,公園,醫院",OpenStreetMap300公尺＋場站名稱,已分類,本機OSM_300公尺_v1
新北市,林口區,林口高中(四維路),121.38159,25.07386,False,False,True,True,True,False,True,"公車站,學校,公園,醫院",OpenStreetMap300公尺＋場站名稱,已分類,本機OSM_300公尺_v1
新北市,林口區,樂活公園,121.37612,25.06705,False,False,True,True,True,True,False,"公車站,學校,公園,商圈",OpenStreetMap300公尺＋場站名稱,已分類,本機OSM_300公尺_v1
新北市,林口區,樂活公園(文化一路),121.36922,25.06722,False,False,True,True,True,False,False,"公車站,學校,公園",OpenStreetMap300公尺＋場站名稱,已分類,本機OSM_300公尺_v1
新北市,林口區,民享中山路口,121.38138,25.08203,False,False,True,True,True,False,False,"公車站,學校,公園",OpenStreetMap300公尺,已分類,本機OSM_300公尺_v1
新北市,林口區,民族仁愛路口,121.37068,25.07951,False,False,True,True,True,False,False,"公車站,學校,公園",OpenStreetMap300公尺,已分類,本機OSM_300公尺_v1
新北市,林口區,民族忠孝路口,121.36496,25.07484,False,False,True,True,True,False,True,"公車站,學校,公園,醫院",OpenStreetMap300公尺,已分類,本機OSM_300公尺_v1
新北市,林口區,民視數位媒體總部,121.37925,25.07987,False,False,True,True,True,False,False,"公車站,學校,公園",OpenStreetMap300公尺,已分類,本機OSM_300公尺_v1
新北市,林口區,湖北市民活動中心,121.3867,25.09612,False,False,True,False,False,False,False,公車站,OpenStreetMap300公尺,已分類,本機OSM_300公尺_v1
新北市,林口區,湖南市民活動中心,121.37432,25.08428,False,False,True,True,True,False,False,"公車站,學校,公園",OpenStreetMap300公尺,已分類,本機OSM_300公尺_v1
新北市,林口區,湖子和福宮,121.38847,25.0926,False,False,True,False,False,False,False,公車站,OpenStreetMap300公尺,已分類,本機OSM_300公尺_v1
新北市,林口區,立功公園,121.35858,25.06763,True,False,True,True,True,False,True,"捷運站,公車站,學校,公園,醫院",OpenStreetMap300公尺＋場站名稱,已分類,本機OSM_300公尺_v1
新北市,林口區,立德公園,121.36762,25.07639,False,False,True,True,True,False,False,"公車站,學校,公園",OpenStreetMap300公尺＋場站名稱,已分類,本機OSM_300公尺_v1
新北市,林口區,立言公園,121.36281,25.07324,False,False,True,False,True,True,False,"公車站,公園,商圈",OpenStreetMap300公尺＋場站名稱,已分類,本機OSM_300公尺_v1
新北市,林口區,竹林一文化一路口,121.38538,25.08565,False,False,True,False,True,False,False,"公車站,公園",OpenStreetMap300公尺,已分類,本機OSM_300公尺_v1
新北市,林口區,竹林山觀音寺,121.38983,25.08452,False,False,True,False,True,False,False,"公車站,公園",OpenStreetMap300公尺,已分類,本機OSM_300公尺_v1
新北市,林口區,築禾樂社區,121.38552,25.08859,False,False,True,False,True,False,False,"公車站,公園",OpenStreetMap300公尺,已分類,本機OSM_300公尺_v1
新北市,林口區,興林路151巷口,121.38917325443384,25.073449376722625,False,False,True,True,True,False,False,"公車站,學校,公園",OpenStreetMap300公尺,已分類,本機OSM_300公尺_v1
新北市,林口區,西林簡易籃球場,121.38133,25.07511,False,False,True,True,True,False,True,"公車站,學校,公園,醫院",OpenStreetMap300公尺,已分類,本機OSM_300公尺_v1
新北市,林口區,足夢運動公園,121.39643,25.07562,False,False,True,False,True,False,False,"公車站,公園",OpenStreetMap300公尺＋場站名稱,已分類,本機OSM_300公尺_v1
新北市,林口區,醒吾科技大學(粉寮路),121.39804,25.08048,False,False,True,True,True,False,False,"公車站,學校,公園",OpenStreetMap300公尺＋場站名稱,已分類,本機OSM_300公尺_v1
新北市,林口區,頭湖國小,121.37268,25.08167,False,False,True,True,True,False,False,"公車站,學校,公園",OpenStreetMap300公尺＋場站名稱,已分類,本機OSM_300公尺_v1
新北市,林口區,麗林公有市場,121.36776,25.06912,False,False,True,True,True,True,False,"公車站,學校,公園,商圈",OpenStreetMap300公尺＋場站名稱,已分類,本機OSM_300公尺_v1
新北市,樹林區,三俊街65巷口,121.41359,25.01585,False,False,True,True,True,False,False,"公車站,學校,公園",OpenStreetMap300公尺,已分類,本機OSM_300公尺_v1
新北市,樹林區,三多國小,121.40701,25.01638,False,False,True,True,True,True,False,"公車站,學校,公園,商圈",OpenStreetMap300公尺＋場站名稱,已分類,本機OSM_300公尺_v1
新北市,樹林區,三多第1市民活動中心,121.40426,25.01637,False,False,True,True,True,True,False,"公車站,學校,公園,商圈",OpenStreetMap300公尺,已分類,本機OSM_300公尺_v1
新北市,樹林區,三鶯分區區務辦公室,121.41691,24.99007,False,False,True,True,True,False,False,"公車站,學校,公園",OpenStreetMap300公尺,已分類,本機OSM_300公尺_v1
新北市,樹林區,中山八德街口,121.41761,24.98511,False,False,True,True,True,False,False,"公車站,學校,公園",OpenStreetMap300公尺,已分類,本機OSM_300公尺_v1
新北市,樹林區,中山大安路口,121.41182,24.98286,False,False,True,True,True,False,False,"公車站,學校,公園",OpenStreetMap300公尺,已分類,本機OSM_300公尺_v1
新北市,樹林區,中山新興街口,121.40049,24.97512,False,False,True,True,True,False,False,"公車站,學校,公園",OpenStreetMap300公尺,已分類,本機OSM_300公尺_v1
新北市,樹林區,中山立仁街口,121.42178,24.9886,False,False,True,True,True,False,True,"公車站,學校,公園,醫院",OpenStreetMap300公尺,已分類,本機OSM_300公尺_v1
新北市,樹林區,中正保安街三段口,121.41274,25.01239,False,False,True,False,True,False,False,"公車站,公園",OpenStreetMap300公尺,已分類,本機OSM_300公尺_v1
新北市,樹林區,中正千歲街口,121.42756,24.99948,False,False,True,True,True,False,False,"公車站,學校,公園",OpenStreetMap300公尺,已分類,本機OSM_300公尺_v1
新北市,樹林區,中正路248巷口,121.41774,25.00717,False,False,True,False,True,False,True,"公車站,公園,醫院",OpenStreetMap300公尺,已分類,本機OSM_300公尺_v1
新北市,樹林區,中華路12巷口,121.42111571570142,24.982608838794,False,False,True,True,True,False,True,"公車站,學校,公園,醫院",OpenStreetMap300公尺,已分類,本機OSM_300公尺_v1
新北市,樹林區,中華路379巷口,121.41239,24.97986,False,False,True,True,True,False,False,"公車站,學校,公園",OpenStreetMap300公尺,已分類,本機OSM_300公尺_v1
新北市,樹林區,佳園大成路口,121.38362,24.94487,False,False,True,False,True,True,False,"公車站,公園,商圈",OpenStreetMap300公尺,已分類,本機OSM_300公尺_v1
新北市,樹林區,佳園學成路口,121.385,24.94695,False,False,True,True,True,False,True,"公車站,學校,公園,醫院",OpenStreetMap300公尺,已分類,本機OSM_300公尺_v1
新北市,樹林區,佳園路三段101巷80弄口,121.39488,24.94984,False,False,True,False,False,False,False,公車站,OpenStreetMap300公尺,已分類,本機OSM_300公尺_v1
新北市,樹林區,俊興三龍街口,121.41828,25.01713,False,False,True,False,True,False,False,"公車站,公園",OpenStreetMap300公尺,已分類,本機OSM_300公尺_v1
新北市,樹林區,俊興俊安街口,121.41691,25.01187,False,False,True,False,False,False,False,公車站,OpenStreetMap300公尺,已分類,本機OSM_300公尺_v1
新北市,樹林區,俊英俊保路口,121.42487,25.0091,False,False,True,True,False,False,False,"公車站,學校",OpenStreetMap300公尺,已分類,本機OSM_300公尺_v1
新北市,樹林區,俊英大安路口,121.42818,25.00379,False,False,True,False,True,False,False,"公車站,公園",OpenStreetMap300公尺,已分類,本機OSM_300公尺_v1
新北市,樹林區,俊英街125巷口,121.42446,25.0108,False,False,True,True,True,False,False,"公車站,學校,公園",OpenStreetMap300公尺,已分類,本機OSM_300公尺_v1
新北市,樹林區,俊英街219巷口,121.42365,25.01294,False,False,True,False,True,False,False,"公車站,公園",OpenStreetMap300公尺,已分類,本機OSM_300公尺_v1
新北市,樹林區,保安立體停車場,121.42652,24.99334,False,False,True,False,True,True,True,"公車站,公園,商圈,醫院",OpenStreetMap300公尺,已分類,本機OSM_300公尺_v1
新北市,樹林區,億光電子(樹林高中),121.4236,24.98356,False,False,True,True,True,False,True,"公車站,學校,公園,醫院",OpenStreetMap300公尺＋場站名稱,已分類,本機OSM_300公尺_v1
新北市,樹林區,光華公園,121.41306,25.00557,False,False,True,True,True,True,False,"公車站,學校,公園,商圈",OpenStreetMap300公尺＋場站名稱,已分類,本機OSM_300公尺_v1
新北市,樹林區,全球傳動科技公司,121.41496,25.0073,False,False,True,True,True,True,False,"公車站,學校,公園,商圈",OpenStreetMap300公尺,已分類,本機OSM_300公尺_v1
新北市,樹林區,八德中華路口,121.42002,24.98144,False,False,True,True,True,True,True,"公車站,學校,公園,商圈,醫院",OpenStreetMap300公尺,已分類,本機OSM_300公尺_v1
新北市,樹林區,八德街東豐街口,121.41946,24.97427,False,False,False,False,True,False,False,公園,OpenStreetMap300公尺,已分類,本機OSM_300公尺_v1
新北市,樹林區,南樹林火車站,121.409,24.9802,False,True,True,False,False,False,False,"火車站,公車站",OpenStreetMap300公尺＋場站名稱,已分類,本機OSM_300公尺_v1
新北市,樹林區,味王街,121.404,24.9747,False,False,True,True,True,False,False,"公車站,學校,公園",OpenStreetMap300公尺,已分類,本機OSM_300公尺_v1
新北市,樹林區,四維八德街口,121.42107,24.98018,False,False,True,True,True,True,True,"公車站,學校,公園,商圈,醫院",OpenStreetMap300公尺,已分類,本機OSM_300公尺_v1
新北市,樹林區,四維國凱街口(立天下社區),121.42241,24.97934,False,False,False,True,True,False,True,"學校,公園,醫院",OpenStreetMap300公尺,已分類,本機OSM_300公尺_v1
新北市,樹林區,大同國小,121.41683,24.98114,False,False,True,True,True,True,True,"公車站,學校,公園,商圈,醫院",OpenStreetMap300公尺＋場站名稱,已分類,本機OSM_300公尺_v1
新北市,樹林區,大安文化街口,121.41595,24.98962,False,False,True,True,True,False,False,"公車站,學校,公園",OpenStreetMap300公尺,已分類,本機OSM_300公尺_v1
新北市,樹林區,大成學士路口,121.38196,24.94768,False,False,True,True,True,True,True,"公車站,學校,公園,商圈,醫院",OpenStreetMap300公尺,已分類,本機OSM_300公尺_v1
新北市,樹林區,大雅佳園路口,121.38067,24.94447,False,False,True,False,True,True,False,"公車站,公園,商圈",OpenStreetMap300公尺,已分類,本機OSM_300公尺_v1
新北市,樹林區,學勤大有路口,121.38399,24.94864,False,False,True,True,True,False,True,"公車站,學校,公園,醫院",OpenStreetMap300公尺,已分類,本機OSM_300公尺_v1
新北市,樹林區,學府大成路口,121.38139,24.9509,False,False,True,True,True,False,False,"公車站,學校,公園",OpenStreetMap300公尺,已分類,本機OSM_300公尺_v1
新北市,樹林區,學府大雅路口,121.37901,24.95041,False,False,True,True,True,False,False,"公車站,學校,公園",OpenStreetMap300公尺,已分類,本機OSM_300公尺_v1
新北市,樹林區,學成大成路口,121.38236,24.94587,False,False,True,False,True,True,False,"公車站,公園,商圈",OpenStreetMap300公尺,已分類,本機OSM_300公尺_v1
新北市,樹林區,學成大義路口,121.37838,24.9453,False,False,True,True,True,True,True,"公車站,學校,公園,商圈,醫院",OpenStreetMap300公尺,已分類,本機OSM_300公尺_v1
新北市,樹林區,山佳火車站,121.39317,24.97271,False,True,True,True,True,True,False,"火車站,公車站,學校,公園,商圈",OpenStreetMap300公尺＋場站名稱,已分類,本機OSM_300公尺_v1
新北市,樹林區,彭厝市場,121.41828,24.97848,False,False,True,True,False,True,True,"公車站,學校,商圈,醫院",OpenStreetMap300公尺＋場站名稱,已分類,本機OSM_300公尺_v1
新北市,樹林區,彭厝里(福順街),121.41641,24.97757,False,False,False,True,False,True,False,"學校,商圈",OpenStreetMap300公尺,已分類,本機OSM_300公尺_v1
新北市,樹林區,彭福國小,121.4233,24.9804,False,False,True,True,True,False,True,"公車站,學校,公園,醫院",OpenStreetMap300公尺＋場站名稱,已分類,本機OSM_300公尺_v1
新北市,樹林區,文林國小,121.426,24.9979,False,False,True,True,False,False,False,"公車站,學校",OpenStreetMap300公尺＋場站名稱,已分類,本機OSM_300公尺_v1
新北市,樹林區,文林國小(潭興街),121.42462,24.99828,False,False,True,True,False,True,False,"公車站,學校,商圈",OpenStreetMap300公尺＋場站名稱,已分類,本機OSM_300公尺_v1
新北市,樹林區,新北市立圖書館樹林東昇分館,121.41503,24.98379,False,False,True,True,True,False,False,"公車站,學校,公園",OpenStreetMap300公尺,已分類,本機OSM_300公尺_v1
新北市,樹林區,東大街,121.40947,24.97563,False,False,False,False,False,False,False,,OpenStreetMap已查詢,300公尺內無七類設施,本機OSM_300公尺_v1
新北市,樹林區,東興街,121.40999,24.97872,False,True,True,False,False,False,False,"火車站,公車站",OpenStreetMap300公尺,已分類,本機OSM_300公尺_v1
新北市,樹林區,東豐街85巷口,121.41016,24.97375,False,False,False,False,False,False,False,,OpenStreetMap已查詢,300公尺內無七類設施,本機OSM_300公尺_v1
新北市,樹林區,東陽市民活動中心,121.41224,24.98205,False,False,True,True,True,False,False,"公車站,學校,公園",OpenStreetMap300公尺,已分類,本機OSM_300公尺_v1
新北市,樹林區,東順街36巷口,121.41149,24.97831,False,False,True,False,False,False,False,公車站,OpenStreetMap300公尺,已分類,本機OSM_300公尺_v1
新北市,樹林區,柑園五里聯合活動中心,121.38646,24.95096,False,False,True,True,True,False,False,"公車站,學校,公園",OpenStreetMap300公尺,已分類,本機OSM_300公尺_v1
新北市,樹林區,柑園國小,121.38966,24.95615,False,False,True,True,True,False,False,"公車站,學校,公園",OpenStreetMap300公尺＋場站名稱,已分類,本機OSM_300公尺_v1
新北市,樹林區,柑園街一段51巷口,121.40316,24.96029,False,False,True,False,True,False,False,"公車站,公園",OpenStreetMap300公尺,已分類,本機OSM_300公尺_v1
新北市,樹林區,柑園街二段363巷口,121.36809,24.94909,False,False,False,False,False,False,False,,OpenStreetMap已查詢,300公尺內無七類設施,本機OSM_300公尺_v1
新北市,樹林區,森林公園,121.37975,24.94819,False,False,True,True,True,False,True,"公車站,學校,公園,醫院",OpenStreetMap300公尺＋場站名稱,已分類,本機OSM_300公尺_v1
新北市,樹林區,樹林區公所,121.42477,24.98976,False,True,True,True,True,False,True,"火車站,公車站,學校,公園,醫院",OpenStreetMap300公尺,已分類,本機OSM_300公尺_v1
新北市,樹林區,樹林區第三平面停車場,121.41107,24.98928,False,False,False,False,False,False,False,,OpenStreetMap已查詢,300公尺內無七類設施,本機OSM_300公尺_v1
新北市,樹林區,樹林國小,121.41765,24.98886,False,False,True,True,True,False,True,"公車站,學校,公園,醫院",OpenStreetMap300公尺＋場站名稱,已分類,本機OSM_300公尺_v1
新北市,樹林區,樹林國民運動中心,121.42285,25.0042,False,False,True,False,True,False,False,"公車站,公園",OpenStreetMap300公尺,已分類,本機OSM_300公尺_v1
新北市,樹林區,樹林大安活動中心,121.41489,24.98636,False,False,True,True,True,False,False,"公車站,學校,公園",OpenStreetMap300公尺,已分類,本機OSM_300公尺_v1
新北市,樹林區,樹林大安站,121.42181,24.99738,False,False,True,True,False,True,True,"公車站,學校,商圈,醫院",OpenStreetMap300公尺,已分類,本機OSM_300公尺_v1
新北市,樹林區,樹林工業區,121.41608,25.00088,False,False,True,True,False,True,False,"公車站,學校,商圈",OpenStreetMap300公尺,已分類,本機OSM_300公尺_v1
新北市,樹林區,樹林火車站(後站),121.42417,24.9917,False,True,True,True,True,False,True,"火車站,公車站,學校,公園,醫院",OpenStreetMap300公尺＋場站名稱,已分類,本機OSM_300公尺_v1
新北市,樹林區,樹林藝文綜合行政大樓,121.42949,24.99602,False,False,True,True,True,True,True,"公車站,學校,公園,商圈,醫院",OpenStreetMap300公尺,已分類,本機OSM_300公尺_v1
新北市,樹林區,樹林藝文綜合行政大樓停車場,121.42853,24.99636,False,False,True,True,True,True,True,"公車站,學校,公園,商圈,醫院",OpenStreetMap300公尺,已分類,本機OSM_300公尺_v1
新北市,樹林區,民生親子公園,121.42819,24.99298,False,False,True,True,True,True,True,"公車站,學校,公園,商圈,醫院",OpenStreetMap300公尺＋場站名稱,已分類,本機OSM_300公尺_v1
新北市,樹林區,獇寮公園,121.41264,25.00694,False,False,True,True,True,True,False,"公車站,學校,公園,商圈",OpenStreetMap300公尺＋場站名稱,已分類,本機OSM_300公尺_v1
新北市,樹林區,福順街,121.41555,24.97913,False,False,True,True,True,False,True,"公車站,學校,公園,醫院",OpenStreetMap300公尺,已分類,本機OSM_300公尺_v1
新北市,樹林區,育德國小,121.3925,24.97062,False,True,True,True,True,True,False,"火車站,公車站,學校,公園,商圈",OpenStreetMap300公尺＋場站名稱,已分類,本機OSM_300公尺_v1
新北市,樹林區,臺鐵樹林車站(後站停車場),121.42384,24.99089,False,True,True,True,True,False,True,"火車站,公車站,學校,公園,醫院",OpenStreetMap300公尺＋場站名稱,已分類,本機OSM_300公尺_v1
新北市,樹林區,鎮前街347巷口,121.41638,24.98419,False,False,True,True,True,False,False,"公車站,學校,公園",OpenStreetMap300公尺,已分類,本機OSM_300公尺_v1
新北市,樹林區,長壽親子公園,121.42203,24.9917,False,True,True,True,True,False,True,"火車站,公車站,學校,公園,醫院",OpenStreetMap300公尺＋場站名稱,已分類,本機OSM_300公尺_v1
新北市,樹林區,鹿角溪公園,121.39591,24.97151,False,False,True,False,True,True,False,"公車站,公園,商圈",OpenStreetMap300公尺＋場站名稱,已分類,本機OSM_300公尺_v1
新北市,永和區,上林里(環河東路一段),121.52095,25.015,False,False,True,True,True,False,False,"公車站,學校,公園",OpenStreetMap300公尺,已分類,本機OSM_300公尺_v1
新北市,永和區,中信停車場(中興街),121.51864,25.01228,False,False,True,True,True,True,True,"公車站,學校,公園,商圈,醫院",OpenStreetMap300公尺,已分類,本機OSM_300公尺_v1
新北市,永和區,中山路一段17巷口,121.51375,25.01039,True,False,True,False,False,True,True,"捷運站,公車站,商圈,醫院",OpenStreetMap300公尺,已分類,本機OSM_300公尺_v1
新北市,永和區,中正橋,121.51681,25.01776,False,False,True,True,True,False,False,"公車站,學校,公園",OpenStreetMap300公尺,已分類,本機OSM_300公尺_v1
新北市,永和區,中正橋(環河西路一段),121.51553,25.01803,False,False,True,False,True,False,False,"公車站,公園",OpenStreetMap300公尺,已分類,本機OSM_300公尺_v1
新北市,永和區,中正路242巷口,121.51634,24.99816,False,False,True,True,True,True,False,"公車站,學校,公園,商圈",OpenStreetMap300公尺,已分類,本機OSM_300公尺_v1
新北市,永和區,中正路465巷,121.51591,25.00587,False,False,True,True,True,True,True,"公車站,學校,公園,商圈,醫院",OpenStreetMap300公尺,已分類,本機OSM_300公尺_v1
新北市,永和區,中正路666巷口,121.51917,25.00913,False,False,True,False,True,True,True,"公車站,公園,商圈,醫院",OpenStreetMap300公尺,已分類,本機OSM_300公尺_v1
新北市,永和區,仁愛信義路口,121.51269,25.01329,True,False,True,True,False,True,True,"捷運站,公車站,學校,商圈,醫院",OpenStreetMap300公尺,已分類,本機OSM_300公尺_v1
新北市,永和區,仁愛公園,121.50542,25.00952,True,False,True,True,True,True,False,"捷運站,公車站,學校,公園,商圈",OpenStreetMap300公尺＋場站名稱,已分類,本機OSM_300公尺_v1
新北市,永和區,仁愛公園(仁愛路),121.50796,25.01138,False,False,True,True,True,True,True,"公車站,學校,公園,商圈,醫院",OpenStreetMap300公尺＋場站名稱,已分類,本機OSM_300公尺_v1
新北市,永和區,仁愛路306巷18弄口,121.50303,25.00888,False,False,True,True,True,False,False,"公車站,學校,公園",OpenStreetMap300公尺,已分類,本機OSM_300公尺_v1
新北市,永和區,仁愛路40巷口,121.51416,25.01346,True,False,True,True,False,True,True,"捷運站,公車站,學校,商圈,醫院",OpenStreetMap300公尺,已分類,本機OSM_300公尺_v1
新北市,永和區,保安保福路二段口,121.5087,25.01497,False,False,True,True,True,False,False,"公車站,學校,公園",OpenStreetMap300公尺,已分類,本機OSM_300公尺_v1
新北市,永和區,保安永平路口,121.50604,25.01233,False,False,True,True,True,True,True,"公車站,學校,公園,商圈,醫院",OpenStreetMap300公尺,已分類,本機OSM_300公尺_v1
新北市,永和區,保平永和路一段口,121.5134,25.00746,False,False,True,False,False,True,True,"公車站,商圈,醫院",OpenStreetMap300公尺,已分類,本機OSM_300公尺_v1
新北市,永和區,保平路214巷,121.50921,25.00701,True,False,True,True,True,True,True,"捷運站,公車站,學校,公園,商圈,醫院",OpenStreetMap300公尺,已分類,本機OSM_300公尺_v1
新北市,永和區,保平路268巷,121.50857,25.00532,True,False,True,False,True,True,True,"捷運站,公車站,公園,商圈,醫院",OpenStreetMap300公尺,已分類,本機OSM_300公尺_v1
新北市,永和區,保福保福路二段133巷口,121.5097,25.01422,False,False,True,True,True,False,True,"公車站,學校,公園,醫院",OpenStreetMap300公尺,已分類,本機OSM_300公尺_v1
新北市,永和區,保順環河西路口,121.50285,25.01135,False,False,True,False,True,False,False,"公車站,公園",OpenStreetMap300公尺,已分類,本機OSM_300公尺_v1
新北市,永和區,名利橋,121.50099,25.00785,False,False,True,True,True,False,False,"公車站,學校,公園",OpenStreetMap300公尺,已分類,本機OSM_300公尺_v1
新北市,永和區,忠孝活動中心,121.51528,25.01677,True,False,True,True,True,True,True,"捷運站,公車站,學校,公園,商圈,醫院",OpenStreetMap300公尺,已分類,本機OSM_300公尺_v1
新北市,永和區,捷運頂溪站(2號出口),121.51549,25.01424,True,False,True,True,True,True,True,"捷運站,公車站,學校,公園,商圈,醫院",OpenStreetMap300公尺＋場站名稱,已分類,本機OSM_300公尺_v1
新北市,永和區,捷運頂溪站(中興街),121.51526,25.01223,True,False,True,True,True,True,True,"捷運站,公車站,學校,公園,商圈,醫院",OpenStreetMap300公尺＋場站名稱,已分類,本機OSM_300公尺_v1
新北市,永和區,捷運頂溪站(復興街1巷),121.51544,25.0131,True,False,True,True,True,True,True,"捷運站,公車站,學校,公園,商圈,醫院",OpenStreetMap300公尺＋場站名稱,已分類,本機OSM_300公尺_v1
新北市,永和區,民權社區活動中心,121.51968,24.99778,False,False,True,True,True,False,False,"公車站,學校,公園",OpenStreetMap300公尺,已分類,本機OSM_300公尺_v1
新北市,永和區,永和勵行街口,121.51583,25.01455,True,False,True,True,True,True,True,"捷運站,公車站,學校,公園,商圈,醫院",OpenStreetMap300公尺,已分類,本機OSM_300公尺_v1
新北市,永和區,永和區公所公有新生市場,121.50704,25.01402,False,False,True,True,True,False,True,"公車站,學校,公園,商圈,醫院",OpenStreetMap300公尺＋場站名稱,已分類,本機OSM_300公尺_v1
新北市,永和區,永和國中(國中路),121.52269,25.00674,False,False,True,True,True,True,False,"公車站,學校,公園,商圈",OpenStreetMap300公尺＋場站名稱,已分類,本機OSM_300公尺_v1
新北市,永和區,永和國小,121.51744,25.00227,False,False,True,True,True,False,True,"公車站,學校,公園,醫院",OpenStreetMap300公尺＋場站名稱,已分類,本機OSM_300公尺_v1
新北市,永和區,永和國民運動中心,121.52407,25.00317,False,False,True,True,True,False,False,"公車站,學校,公園",OpenStreetMap300公尺,已分類,本機OSM_300公尺_v1
新北市,永和區,永和國父紀念館,121.52023,25.00839,False,False,True,True,True,True,True,"公車站,學校,公園,商圈,醫院",OpenStreetMap300公尺,已分類,本機OSM_300公尺_v1
新北市,永和區,永和耕莘醫院,121.5177,25.01123,True,False,True,True,True,True,True,"捷運站,公車站,學校,公園,商圈,醫院",OpenStreetMap300公尺＋場站名稱,已分類,本機OSM_300公尺_v1
新北市,永和區,永和自由街,121.51334,25.0052,False,False,True,True,True,True,True,"公車站,學校,公園,商圈,醫院",OpenStreetMap300公尺,已分類,本機OSM_300公尺_v1
新北市,永和區,永平高中,121.50909,25.00979,False,False,True,True,True,True,True,"公車站,學校,公園,商圈,醫院",OpenStreetMap300公尺＋場站名稱,已分類,本機OSM_300公尺_v1
新北市,永和區,永成市民活動中心,121.5101,25.0173,False,False,True,True,True,False,False,"公車站,學校,公園",OpenStreetMap300公尺,已分類,本機OSM_300公尺_v1
新北市,永和區,永福橋,121.52418,25.01003,False,False,True,True,True,True,False,"公車站,學校,公園,商圈",OpenStreetMap300公尺,已分類,本機OSM_300公尺_v1
新北市,永和區,永貞水源街口,121.5117,25.00492,True,False,True,True,True,True,True,"捷運站,公車站,學校,公園,商圈,醫院",OpenStreetMap300公尺,已分類,本機OSM_300公尺_v1
新北市,永和區,環河民樂街59巷26弄口,121.52844,24.99798,False,False,True,False,True,False,False,"公車站,公園",OpenStreetMap300公尺,已分類,本機OSM_300公尺_v1
新北市,永和區,環河西路一段95巷口,121.51196,25.01783,False,False,True,True,True,False,False,"公車站,學校,公園",OpenStreetMap300公尺,已分類,本機OSM_300公尺_v1
新北市,永和區,環河西路二段217巷口,121.50109,25.01016,False,False,True,False,True,False,False,"公車站,公園",OpenStreetMap300公尺,已分類,本機OSM_300公尺_v1
新北市,永和區,瓦磘截流站,121.49972,25.009,False,False,True,False,True,False,False,"公車站,公園",OpenStreetMap300公尺,已分類,本機OSM_300公尺_v1
新北市,永和區,福和國中,121.52093,25.00595,False,False,True,True,True,True,False,"公車站,學校,公園,商圈",OpenStreetMap300公尺＋場站名稱,已分類,本機OSM_300公尺_v1
新北市,永和區,福和國中(永利路),121.52033,25.00432,False,False,True,True,True,True,False,"公車站,學校,公園,商圈",OpenStreetMap300公尺＋場站名稱,已分類,本機OSM_300公尺_v1
新北市,永和區,福和國中停車場,121.52267,25.00501,False,False,True,True,True,True,False,"公車站,學校,公園,商圈",OpenStreetMap300公尺＋場站名稱,已分類,本機OSM_300公尺_v1
新北市,永和區,福和橋,121.52785,25.00454,False,False,True,False,True,True,False,"公車站,公園,商圈",OpenStreetMap300公尺,已分類,本機OSM_300公尺_v1
新北市,永和區,福和自強街28巷口,121.51572,25.00725,False,False,True,False,False,True,True,"公車站,商圈,醫院",OpenStreetMap300公尺,已分類,本機OSM_300公尺_v1
新北市,永和區,福和路7巷口,121.52473,25.00854,False,False,True,True,True,True,False,"公車站,學校,公園,商圈",OpenStreetMap300公尺,已分類,本機OSM_300公尺_v1
新北市,永和區,秀得里(成功路二段),121.52673,25.00071,False,False,True,False,True,True,False,"公車站,公園,商圈",OpenStreetMap300公尺,已分類,本機OSM_300公尺_v1
新北市,永和區,秀朗國小,121.52278,24.99896,False,False,True,True,True,True,False,"公車站,學校,公園,商圈",OpenStreetMap300公尺＋場站名稱,已分類,本機OSM_300公尺_v1
新北市,永和區,秀朗路二段24巷16弄24號,121.52007,25.00239,False,False,True,True,True,False,False,"公車站,學校,公園",OpenStreetMap300公尺,已分類,本機OSM_300公尺_v1
新北市,永和區,雙和公園,121.50883,25.00229,True,False,True,True,True,False,False,"捷運站,公車站,學校,公園",OpenStreetMap300公尺＋場站名稱,已分類,本機OSM_300公尺_v1
新北市,永和區,雙和橋,121.50574,25.00573,True,False,True,True,True,True,True,"捷運站,公車站,學校,公園,商圈,醫院",OpenStreetMap300公尺,已分類,本機OSM_300公尺_v1
新北市,永和區,頂溪國小,121.51126,25.01581,False,False,True,True,True,False,False,"公車站,學校,公園",OpenStreetMap300公尺＋場站名稱,已分類,本機OSM_300公尺_v1
新北市,永和區,頂溪國小地下停車場,121.51057,25.01452,False,False,True,True,True,False,True,"公車站,學校,公園,醫院",OpenStreetMap300公尺＋場站名稱,已分類,本機OSM_300公尺_v1
新北市,汐止區,下街福德宮,121.65555,25.06807,False,False,True,True,True,True,True,"公車站,學校,公園,商圈,醫院",OpenStreetMap300公尺,已分類,本機OSM_300公尺_v1
新北市,汐止區,世貿國家公園社區,121.65865,25.07289,False,False,True,True,True,False,True,"公車站,學校,公園,醫院",OpenStreetMap300公尺＋場站名稱,已分類,本機OSM_300公尺_v1
新北市,汐止區,中興工建路口,121.63535,25.06128,False,False,True,False,False,False,False,公車站,OpenStreetMap300公尺,已分類,本機OSM_300公尺_v1
新北市,汐止區,中興福德三路口,121.63077,25.06641,False,False,True,True,True,True,False,"公車站,學校,公園,商圈",OpenStreetMap300公尺,已分類,本機OSM_300公尺_v1
新北市,汐止區,中華街57巷口,121.66763,25.07148,False,False,True,True,True,False,True,"公車站,學校,公園,醫院",OpenStreetMap300公尺,已分類,本機OSM_300公尺_v1
新北市,汐止區,五堵橋下籃球場,121.66558,25.07553,False,False,True,False,True,False,False,"公車站,公園",OpenStreetMap300公尺,已分類,本機OSM_300公尺_v1
新北市,汐止區,五堵火車站,121.66764,25.07823,False,True,True,True,True,False,False,"火車站,公車站,學校,公園",OpenStreetMap300公尺＋場站名稱,已分類,本機OSM_300公尺_v1
新北市,汐止區,五堵車站(長安路),121.66821,25.07813,False,True,True,True,True,False,False,"火車站,公車站,學校,公園",OpenStreetMap300公尺＋場站名稱,已分類,本機OSM_300公尺_v1
新北市,汐止區,仁愛路151巷口,121.6641,25.0652,False,False,True,True,False,False,True,"公車站,學校,醫院",OpenStreetMap300公尺,已分類,本機OSM_300公尺_v1
新北市,汐止區,伯爵山莊第二期(康寧街),121.6384,25.07299,False,False,True,True,False,False,False,"公車站,學校",OpenStreetMap300公尺,已分類,本機OSM_300公尺_v1
新北市,汐止區,保長公園,121.67434,25.07952,False,False,True,True,True,False,False,"公車站,學校,公園",OpenStreetMap300公尺＋場站名稱,已分類,本機OSM_300公尺_v1
新北市,汐止區,保長路51巷口,121.67382,25.0784,False,False,True,True,True,False,False,"公車站,學校,公園",OpenStreetMap300公尺,已分類,本機OSM_300公尺_v1
新北市,汐止區,北港國小,121.64595,25.08903,False,False,True,True,False,False,False,"公車站,學校",OpenStreetMap300公尺＋場站名稱,已分類,本機OSM_300公尺_v1
新北市,汐止區,南興公園,121.65255,25.05978,False,False,True,True,False,False,False,"公車站,學校,公園",OpenStreetMap300公尺＋場站名稱,已分類,本機OSM_300公尺_v1
新北市,汐止區,原住民族公園,121.64162,25.07122,False,False,True,False,True,False,False,"公車站,公園",OpenStreetMap300公尺＋場站名稱,已分類,本機OSM_300公尺_v1
新北市,汐止區,原興廣場,121.63304,25.06507,False,False,True,True,True,True,False,"公車站,學校,公園,商圈",OpenStreetMap300公尺,已分類,本機OSM_300公尺_v1
新北市,汐止區,台灣科學園區,121.63496,25.05793,False,False,True,False,False,False,False,公車站,OpenStreetMap300公尺,已分類,本機OSM_300公尺_v1
新北市,汐止區,台練橋,121.6627,25.07201,False,False,True,False,True,False,True,"公車站,公園,醫院",OpenStreetMap300公尺,已分類,本機OSM_300公尺_v1
新北市,汐止區,同興大同路口,121.63882,25.05981,False,False,True,False,False,False,False,公車站,OpenStreetMap300公尺,已分類,本機OSM_300公尺_v1
新北市,汐止區,同興工建路口,121.63682,25.06249,False,False,True,True,False,False,False,"公車站,學校",OpenStreetMap300公尺,已分類,本機OSM_300公尺_v1
新北市,汐止區,啟德橋(招商街),121.66801,25.06786,False,False,True,True,False,False,False,"公車站,學校",OpenStreetMap300公尺,已分類,本機OSM_300公尺_v1
新北市,汐止區,國泰綜合醫院,121.66256,25.07315,False,False,True,False,True,False,True,"公車站,公園,醫院",OpenStreetMap300公尺＋場站名稱,已分類,本機OSM_300公尺_v1
新北市,汐止區,大同建成路口,121.66558,25.07258,False,False,True,False,True,False,True,"公車站,公園,醫院",OpenStreetMap300公尺,已分類,本機OSM_300公尺_v1
新北市,汐止區,大同路三段148號,121.67296,25.07617,False,False,True,False,False,False,False,公車站,OpenStreetMap300公尺,已分類,本機OSM_300公尺_v1
新北市,汐止區,崇德國小,121.66979,25.06938,False,False,True,True,False,False,False,"公車站,學校",OpenStreetMap300公尺＋場站名稱,已分類,本機OSM_300公尺_v1
新北市,汐止區,崇德橋東活動中心,121.667,25.07051,False,False,True,True,True,False,False,"公車站,學校,公園",OpenStreetMap300公尺,已分類,本機OSM_300公尺_v1
新北市,汐止區,工建樟樹一路口,121.64112,25.06319,False,False,True,True,False,True,True,"公車站,學校,商圈,醫院",OpenStreetMap300公尺,已分類,本機OSM_300公尺_v1
新北市,汐止區,康寧街307巷,121.62697,25.06809,False,False,True,True,True,True,False,"公車站,學校,公園,商圈",OpenStreetMap300公尺,已分類,本機OSM_300公尺_v1
新北市,汐止區,康福公園,121.63748,25.06894,False,False,True,True,True,False,False,"公車站,學校,公園",OpenStreetMap300公尺＋場站名稱,已分類,本機OSM_300公尺_v1
新北市,汐止區,建成段平面停車場,121.66542,25.07336,False,False,True,False,True,False,True,"公車站,公園,醫院",OpenStreetMap300公尺,已分類,本機OSM_300公尺_v1
新北市,汐止區,建成路142巷口,121.66255,25.07335,False,False,True,False,True,False,True,"公車站,公園,醫院",OpenStreetMap300公尺,已分類,本機OSM_300公尺_v1
新北市,汐止區,忠孝東路382巷口,121.66552,25.07001,False,False,True,True,True,False,True,"公車站,學校,公園,醫院",OpenStreetMap300公尺,已分類,本機OSM_300公尺_v1
新北市,汐止區,忠山市民活動中心,121.62449,25.0782,False,False,True,False,False,False,False,公車站,OpenStreetMap300公尺,已分類,本機OSM_300公尺_v1
新北市,汐止區,文化白雲公園,121.65521,25.05688,False,False,True,False,True,False,False,"公車站,公園",OpenStreetMap300公尺＋場站名稱,已分類,本機OSM_300公尺_v1
新北市,汐止區,春之霖社區,121.6625,25.0794,False,False,True,False,True,False,False,"公車站,公園",OpenStreetMap300公尺,已分類,本機OSM_300公尺_v1
新北市,汐止區,東勢宜興活動中心,121.62429,25.03881,False,False,True,False,True,True,False,"公車站,公園,商圈",OpenStreetMap300公尺,已分類,本機OSM_300公尺_v1
新北市,汐止區,東方科學園區,121.64951,25.06126,False,True,True,False,False,True,False,"火車站,公車站,商圈",OpenStreetMap300公尺,已分類,本機OSM_300公尺_v1
新北市,汐止區,樟樹一山光路口,121.64286319301776,25.070296258183784,False,False,True,True,True,False,False,"公車站,學校,公園",OpenStreetMap300公尺,已分類,本機OSM_300公尺_v1
新北市,汐止區,樟樹國小,121.64039,25.06693,False,False,True,True,False,True,True,"公車站,學校,商圈,醫院",OpenStreetMap300公尺＋場站名稱,已分類,本機OSM_300公尺_v1
新北市,汐止區,樟樹國小(樟樹一路145巷口),121.6424,25.06735,False,False,True,True,False,True,True,"公車站,學校,商圈,醫院",OpenStreetMap300公尺＋場站名稱,已分類,本機OSM_300公尺_v1
新北市,汐止區,樟江大橋,121.64481,25.07578,False,False,True,False,False,False,False,公車站,OpenStreetMap300公尺,已分類,本機OSM_300公尺_v1
新北市,汐止區,橋東里(忠孝東路),121.66626,25.07368,False,False,True,False,False,False,True,"公車站,醫院",OpenStreetMap300公尺,已分類,本機OSM_300公尺_v1
新北市,汐止區,民族二街明峰街口,121.63502,25.07105,False,False,True,True,False,False,False,"公車站,學校",OpenStreetMap300公尺,已分類,本機OSM_300公尺_v1
新北市,汐止區,水蓮山莊,121.6301,25.07797,False,False,True,False,False,True,False,"公車站,商圈",OpenStreetMap300公尺,已分類,本機OSM_300公尺_v1
新北市,汐止區,水返腳公園,121.65901,25.06813,False,True,True,True,True,True,True,"火車站,公車站,學校,公園,商圈,醫院",OpenStreetMap300公尺＋場站名稱,已分類,本機OSM_300公尺_v1
新北市,汐止區,汐止公園,121.65964,25.06781,False,True,True,True,True,True,True,"火車站,公車站,學校,公園,商圈,醫院",OpenStreetMap300公尺＋場站名稱,已分類,本機OSM_300公尺_v1
新北市,汐止區,汐止區公所,121.6583,25.06416,False,False,True,True,True,True,True,"公車站,學校,公園,商圈,醫院",OpenStreetMap300公尺,已分類,本機OSM_300公尺_v1
新北市,汐止區,汐止區綜合運動場,121.65907,25.06624,False,True,True,True,True,True,True,"火車站,公車站,學校,公園,商圈,醫院",OpenStreetMap300公尺,已分類,本機OSM_300公尺_v1
新北市,汐止區,汐止區農會附設老人活動中心,121.64241,25.09705,False,False,True,False,False,False,False,公車站,OpenStreetMap300公尺,已分類,本機OSM_300公尺_v1
新北市,汐止區,汐止國小,121.65433,25.06612,True,False,True,True,True,False,True,"捷運站,公車站,學校,公園,醫院",OpenStreetMap300公尺＋場站名稱,已分類,本機OSM_300公尺_v1
新北市,汐止區,汐止國民運動中心,121.65693,25.06538,False,False,True,True,True,True,True,"公車站,學校,公園,商圈,醫院",OpenStreetMap300公尺,已分類,本機OSM_300公尺_v1
新北市,汐止區,汐止國民運動中心游泳池(忠孝東路),121.65726,25.06416,False,False,True,True,True,True,True,"公車站,學校,公園,商圈,醫院",OpenStreetMap300公尺,已分類,本機OSM_300公尺_v1
新北市,汐止區,汐止火車站,121.66275,25.06891,False,True,True,True,True,False,True,"火車站,公車站,學校,公園,醫院",OpenStreetMap300公尺＋場站名稱,已分類,本機OSM_300公尺_v1
新北市,汐止區,汐止火車站停車場,121.66168,25.06795,False,True,True,True,True,False,True,"火車站,公車站,學校,公園,醫院",OpenStreetMap300公尺＋場站名稱,已分類,本機OSM_300公尺_v1
新北市,汐止區,汐科火車站(北),121.65294,25.06426,True,False,True,True,True,False,True,"捷運站,火車站,公車站,學校,公園,醫院",OpenStreetMap300公尺＋場站名稱,已分類,本機OSM_300公尺_v1
新北市,汐止區,汐科火車站(南),121.64684226184237,25.06274482486429,False,True,True,False,False,True,False,"火車站,公車站,商圈",OpenStreetMap300公尺＋場站名稱,已分類,本機OSM_300公尺_v1
新北市,汐止區,汐萬康寧街口,121.65023,25.07479,False,False,True,False,False,False,False,公車站,OpenStreetMap300公尺,已分類,本機OSM_300公尺_v1
新北市,汐止區,汐萬抽水站,121.64843,25.0827,False,False,True,False,False,False,False,公車站,OpenStreetMap300公尺,已分類,本機OSM_300公尺_v1
新北市,汐止區,汐萬路一段343巷,121.64971,25.07716,False,False,True,False,False,False,False,公車站,OpenStreetMap300公尺,已分類,本機OSM_300公尺_v1
新北市,汐止區,江北二橋,121.65297,25.06997,False,False,True,True,False,False,False,"公車站,學校",OpenStreetMap300公尺,已分類,本機OSM_300公尺_v1
新北市,汐止區,湖光市民活動中心,121.63362,25.06849,False,False,True,False,True,True,False,"公車站,公園,商圈",OpenStreetMap300公尺,已分類,本機OSM_300公尺_v1
新北市,汐止區,濱湖大第(康寧街),121.63758,25.07225,False,False,True,True,False,False,False,"公車站,學校",OpenStreetMap300公尺,已分類,本機OSM_300公尺_v1
新北市,汐止區,白雲國小,121.61889,25.04758,False,False,True,True,True,True,False,"公車站,學校,公園,商圈",OpenStreetMap300公尺＋場站名稱,已分類,本機OSM_300公尺_v1
新北市,汐止區,矽谷園區,121.63447,25.06227,False,False,True,True,True,True,False,"公車站,學校,公園,商圈",OpenStreetMap300公尺,已分類,本機OSM_300公尺_v1
新北市,汐止區,福德一路201巷口(福德ONE社區),121.6351,25.06575,False,False,True,True,True,True,False,"公車站,學校,公園,商圈",OpenStreetMap300公尺,已分類,本機OSM_300公尺_v1
新北市,汐止區,福德一路392巷41弄口,121.62637,25.06314,False,False,True,False,False,False,False,公車站,OpenStreetMap300公尺,已分類,本機OSM_300公尺_v1
新北市,汐止區,福德一路392巷口,121.62754,25.06098,False,False,True,False,False,False,False,公車站,OpenStreetMap300公尺,已分類,本機OSM_300公尺_v1
新北市,汐止區,福德二路19巷口,121.63533,25.06841,False,False,True,False,True,False,False,"公車站,公園",OpenStreetMap300公尺,已分類,本機OSM_300公尺_v1
新北市,汐止區,秀峰國小(仁愛路106巷),121.66294,25.06266,False,False,True,True,True,False,False,"公車站,學校,公園",OpenStreetMap300公尺＋場站名稱,已分類,本機OSM_300公尺_v1
新北市,汐止區,秀峰高中(忠孝東路),121.66172,25.06635,False,True,True,True,True,True,True,"火車站,公車站,學校,公園,商圈,醫院",OpenStreetMap300公尺＋場站名稱,已分類,本機OSM_300公尺_v1
新北市,汐止區,茄苳茄福街口,121.673,25.06723,False,False,True,False,True,False,False,"公車站,公園",OpenStreetMap300公尺,已分類,本機OSM_300公尺_v1
新北市,汐止區,華城橋（康寧街61巷）,121.61988,25.06833,False,False,True,True,True,False,True,"公車站,學校,公園,醫院",OpenStreetMap300公尺,已分類,本機OSM_300公尺_v1
新北市,汐止區,蘭庭序大廈,121.65207,25.07207,False,False,True,False,False,False,False,公車站,OpenStreetMap300公尺,已分類,本機OSM_300公尺_v1
新北市,汐止區,連興龍安路口,121.65443,25.06299,True,False,True,True,True,False,True,"捷運站,公車站,學校,公園,醫院",OpenStreetMap300公尺,已分類,本機OSM_300公尺_v1
新北市,汐止區,金龍公園,121.63153,25.06947,False,False,True,True,True,True,True,"公車站,學校,公園,商圈,醫院",OpenStreetMap300公尺＋場站名稱,已分類,本機OSM_300公尺_v1
新北市,汐止區,金龍國小,121.62867,25.0691,False,False,True,True,True,True,True,"公車站,學校,公園,商圈,醫院",OpenStreetMap300公尺＋場站名稱,已分類,本機OSM_300公尺_v1
新北市,汐止區,長安橋(吉祥街12巷),121.66846,25.08033,False,True,True,True,True,False,False,"火車站,公車站,學校,公園",OpenStreetMap300公尺,已分類,本機OSM_300公尺_v1
新北市,汐止區,長興橋,121.67187,25.08055,False,False,True,True,True,False,False,"公車站,學校,公園",OpenStreetMap300公尺,已分類,本機OSM_300公尺_v1
新北市,汐止區,長興街二段62號,121.67449,25.08192,False,False,True,False,True,False,False,"公車站,公園",OpenStreetMap300公尺,已分類,本機OSM_300公尺_v1
新北市,汐止區,雍和科學園區,121.62602,25.05808,False,False,True,False,False,False,False,公車站,OpenStreetMap300公尺,已分類,本機OSM_300公尺_v1
新北市,汐止區,青山國民中小學,121.65559,25.06103,False,False,True,True,True,False,True,"公車站,學校,公園,醫院",OpenStreetMap300公尺,已分類,本機OSM_300公尺_v1
新北市,泰山區,台北花園廣場社區,121.426,25.0641,False,False,True,True,True,False,False,"公車站,學校,公園",OpenStreetMap300公尺,已分類,本機OSM_300公尺_v1
新北市,泰山區,台貿三村停車場,121.43169,25.06712,False,False,True,False,True,False,False,"公車站,公園",OpenStreetMap300公尺,已分類,本機OSM_300公尺_v1
新北市,泰山區,台麗街13巷,121.42464,25.03829,False,False,True,True,True,False,False,"公車站,學校,公園",OpenStreetMap300公尺,已分類,本機OSM_300公尺_v1
新北市,泰山區,同興公園,121.432,25.0552,False,False,True,True,True,True,True,"公車站,學校,公園,商圈,醫院",OpenStreetMap300公尺＋場站名稱,已分類,本機OSM_300公尺_v1
新北市,泰山區,和平楓樹街口(和平公園),121.43507,25.06456,False,False,True,False,True,False,False,"公車站,公園",OpenStreetMap300公尺＋場站名稱,已分類,本機OSM_300公尺_v1
新北市,泰山區,山腳停車場,121.42904,25.06515,False,False,True,True,True,False,False,"公車站,學校,公園",OpenStreetMap300公尺,已分類,本機OSM_300公尺_v1
新北市,泰山區,捷運泰山站,121.44,25.0531,True,False,True,True,True,False,False,"捷運站,公車站,學校,公園",OpenStreetMap300公尺＋場站名稱,已分類,本機OSM_300公尺_v1
新北市,泰山區,捷運泰山站(4號出口),121.43909,25.05313,True,False,True,False,True,False,False,"捷運站,公車站,公園",OpenStreetMap300公尺＋場站名稱,已分類,本機OSM_300公尺_v1
新北市,泰山區,捷運泰山貴和站,121.42222,25.03319,True,False,True,True,True,False,False,"捷運站,公車站,學校,公園",OpenStreetMap300公尺＋場站名稱,已分類,本機OSM_300公尺_v1
新北市,泰山區,文中一平面停車場,121.42845,25.04512,False,False,True,True,False,False,False,"公車站,學校",OpenStreetMap300公尺,已分類,本機OSM_300公尺_v1
新北市,泰山區,新五泰國民運動中心,121.43427,25.05582,False,False,True,False,True,True,True,"公車站,公園,商圈,醫院",OpenStreetMap300公尺,已分類,本機OSM_300公尺_v1
新北市,泰山區,新北大道幸福路口(大道鎏域社區),121.43671,25.04934,True,False,False,False,True,False,False,"捷運站,公園",OpenStreetMap300公尺,已分類,本機OSM_300公尺_v1
新北市,泰山區,明志國小,121.42627,25.04573,False,False,True,True,True,False,False,"公車站,學校,公園",OpenStreetMap300公尺＋場站名稱,已分類,本機OSM_300公尺_v1
新北市,泰山區,明志科技大學,121.42255,25.04043,False,False,True,True,True,False,False,"公車站,學校,公園",OpenStreetMap300公尺＋場站名稱,已分類,本機OSM_300公尺_v1
新北市,泰山區,明志貴鳳街口,121.42108,25.03124,True,False,True,True,True,False,False,"捷運站,公車站,學校,公園",OpenStreetMap300公尺,已分類,本機OSM_300公尺_v1
新北市,泰山區,楓樹腳公園,121.43498,25.062,False,False,True,True,True,True,False,"公車站,學校,公園,商圈",OpenStreetMap300公尺＋場站名稱,已分類,本機OSM_300公尺_v1
新北市,泰山區,泰山國小,121.43119,25.06252,False,False,True,True,True,False,False,"公車站,學校,公園",OpenStreetMap300公尺＋場站名稱,已分類,本機OSM_300公尺_v1
新北市,泰山區,泰山體育館,121.42766,25.05513,False,False,True,True,True,False,False,"公車站,學校,公園",OpenStreetMap300公尺,已分類,本機OSM_300公尺_v1
新北市,泰山區,泰山高中,121.42886,25.058,False,False,True,True,True,False,False,"公車站,學校,公園",OpenStreetMap300公尺＋場站名稱,已分類,本機OSM_300公尺_v1
新北市,泰山區,義仁市民活動中心,121.42767,25.05048,False,False,True,True,True,False,False,"公車站,學校,公園",OpenStreetMap300公尺,已分類,本機OSM_300公尺_v1
新北市,泰山區,義學國小,121.43167,25.05176,False,False,False,True,True,False,False,"學校,公園",OpenStreetMap300公尺＋場站名稱,已分類,本機OSM_300公尺_v1
新北市,泰山區,莊泰坡雅路口(沐光社區),121.43938,25.04633,False,False,True,False,True,False,False,"公車站,公園",OpenStreetMap300公尺,已分類,本機OSM_300公尺_v1
新北市,泰山區,莊泰義東街口(新潤A5社區),121.43911,25.05025,True,False,True,False,True,False,False,"捷運站,公車站,公園",OpenStreetMap300公尺,已分類,本機OSM_300公尺_v1
新北市,泰山區,莊田信華三街口(潤見築社區),121.43981,25.04303,False,False,True,True,True,False,False,"公車站,學校,公園",OpenStreetMap300公尺,已分類,本機OSM_300公尺_v1
新北市,泰山區,貴和市民活動中心,121.422,25.035,True,False,True,True,True,False,False,"捷運站,公車站,學校,公園",OpenStreetMap300公尺,已分類,本機OSM_300公尺_v1
新北市,泰山區,貴子路36巷3弄口,121.42591,25.04137,False,False,True,False,True,False,False,"公車站,公園",OpenStreetMap300公尺,已分類,本機OSM_300公尺_v1
新北市,淡水區,中山北新春街口,121.44474,25.18035,False,False,True,True,True,False,False,"公車站,學校,公園",OpenStreetMap300公尺,已分類,本機OSM_300公尺_v1
新北市,淡水區,中正東路一段81巷,121.45311,25.16205,False,False,True,False,False,False,False,公車站,OpenStreetMap300公尺,已分類,本機OSM_300公尺_v1
新北市,淡水區,中正淡海路口,121.42422,25.17779,False,False,True,True,True,False,False,"公車站,學校,公園",OpenStreetMap300公尺,已分類,本機OSM_300公尺_v1
新北市,淡水區,大庄一號公園,121.42212,25.18201,False,False,True,True,True,False,False,"公車站,學校,公園",OpenStreetMap300公尺＋場站名稱,已分類,本機OSM_300公尺_v1
新北市,淡水區,大庄福德宮,121.42796,25.1883,False,False,True,False,True,False,False,"公車站,公園",OpenStreetMap300公尺,已分類,本機OSM_300公尺_v1
新北市,淡水區,崁頂三後洲路一段路口,121.42972,25.20158,False,False,True,False,True,False,False,"公車站,公園",OpenStreetMap300公尺,已分類,本機OSM_300公尺_v1
新北市,淡水區,崁頂三路,121.43177,25.20081,True,False,True,False,True,False,False,"捷運站,公車站,公園",OpenStreetMap300公尺,已分類,本機OSM_300公尺_v1
新北市,淡水區,崁頂市民活動中心,121.4287,25.19772,False,False,True,True,True,False,False,"公車站,學校,公園",OpenStreetMap300公尺,已分類,本機OSM_300公尺_v1
新北市,淡水區,崁頂林子福德宮,121.43038,25.19959,False,False,True,True,True,False,False,"公車站,學校,公園",OpenStreetMap300公尺,已分類,本機OSM_300公尺_v1
新北市,淡水區,捷運淡水站,121.44418,25.16883,True,False,True,False,True,True,True,"捷運站,公車站,公園,商圈,醫院",OpenStreetMap300公尺＋場站名稱,已分類,本機OSM_300公尺_v1
新北市,淡水區,捷運淡水站(中正東路),121.44684,25.16771,True,False,True,False,True,True,True,"捷運站,公車站,公園,商圈,醫院",OpenStreetMap300公尺＋場站名稱,已分類,本機OSM_300公尺_v1
新北市,淡水區,捷運淡水站(中正鼻頭街口),121.44675,25.1667,True,False,True,False,True,True,True,"捷運站,公車站,公園,商圈,醫院",OpenStreetMap300公尺＋場站名稱,已分類,本機OSM_300公尺_v1
新北市,淡水區,捷運竹圍站,121.46023,25.13717,True,False,True,False,True,False,True,"捷運站,公車站,公園,醫院",OpenStreetMap300公尺＋場站名稱,已分類,本機OSM_300公尺_v1
新北市,淡水區,捷運紅樹林站,121.45912,25.15358,True,False,True,True,True,False,False,"捷運站,公車站,學校,公園",OpenStreetMap300公尺＋場站名稱,已分類,本機OSM_300公尺_v1
新北市,淡水區,文中四公園,121.4235,25.1854,False,False,True,False,True,True,False,"公車站,公園,商圈",OpenStreetMap300公尺＋場站名稱,已分類,本機OSM_300公尺_v1
新北市,淡水區,文化機車立體停車場,121.43881,25.17249,False,False,True,True,True,True,False,"公車站,學校,公園,商圈",OpenStreetMap300公尺,已分類,本機OSM_300公尺_v1
新北市,淡水區,新市一中山北路口,121.44412,25.18296,False,False,True,True,True,False,False,"公車站,學校,公園",OpenStreetMap300公尺,已分類,本機OSM_300公尺_v1
新北市,淡水區,新市一路一段256巷口,121.43273,25.18665,False,False,True,False,True,False,False,"公車站,公園",OpenStreetMap300公尺,已分類,本機OSM_300公尺_v1
新北市,淡水區,新市一路一段331巷/義山路一段163巷口(東南側),121.43596,25.18731,True,False,True,False,False,False,False,"捷運站,公車站",OpenStreetMap300公尺,已分類,本機OSM_300公尺_v1
新北市,淡水區,新市一路一段99巷口,121.43109,25.18796,True,False,True,False,True,False,False,"捷運站,公車站,公園",OpenStreetMap300公尺,已分類,本機OSM_300公尺_v1
新北市,淡水區,新市三崁頂三路口,121.43063,25.19691,True,False,True,True,True,False,False,"捷運站,公車站,學校,公園",OpenStreetMap300公尺,已分類,本機OSM_300公尺_v1
新北市,淡水區,新市三崁頂五路口,121.42526,25.19897,False,False,True,True,True,False,False,"公車站,學校,公園",OpenStreetMap300公尺,已分類,本機OSM_300公尺_v1
新北市,淡水區,新市三義山路口,121.4366,25.19569,False,False,True,False,False,False,True,"公車站,醫院",OpenStreetMap300公尺,已分類,本機OSM_300公尺_v1
新北市,淡水區,新市二後洲路口,121.42507,25.19638,False,False,True,True,False,False,False,"公車站,學校",OpenStreetMap300公尺,已分類,本機OSM_300公尺_v1
新北市,淡水區,新市二路三段/濱海路二段202巷口,121.43482,25.19343,True,False,True,False,True,False,False,"捷運站,公車站,公園",OpenStreetMap300公尺,已分類,本機OSM_300公尺_v1
新北市,淡水區,新市二路三段36巷口,121.43302,25.19301,True,False,True,False,True,False,False,"捷運站,公車站,公園",OpenStreetMap300公尺,已分類,本機OSM_300公尺_v1
新北市,淡水區,新市二路二段,121.42793,25.19524,False,False,True,True,True,False,False,"公車站,學校,公園",OpenStreetMap300公尺,已分類,本機OSM_300公尺_v1
新北市,淡水區,新市二路四段,121.44185,25.19254,False,False,True,False,False,False,False,公車站,OpenStreetMap300公尺,已分類,本機OSM_300公尺_v1
新北市,淡水區,新市二路四段230巷,121.44564,25.19087,True,False,True,False,False,False,False,"捷運站,公車站",OpenStreetMap300公尺,已分類,本機OSM_300公尺_v1
新北市,淡水區,新市五義山路口,121.43878,25.19783,False,False,True,False,False,True,True,"公車站,商圈,醫院",OpenStreetMap300公尺,已分類,本機OSM_300公尺_v1
新北市,淡水區,新市六後洲路口,121.4307,25.20285,False,False,True,False,True,False,False,"公車站,公園",OpenStreetMap300公尺,已分類,本機OSM_300公尺_v1
新北市,淡水區,新市國小,121.44444643199012,25.185184906645382,False,False,True,True,True,False,False,"公車站,學校,公園",OpenStreetMap300公尺＋場站名稱,已分類,本機OSM_300公尺_v1
新北市,淡水區,新春街125巷(樂活绽社區),121.44155,25.1827,False,False,True,True,True,False,False,"公車站,學校,公園",OpenStreetMap300公尺,已分類,本機OSM_300公尺_v1
新北市,淡水區,新民新春街口,121.43567,25.18123,False,False,True,True,True,False,False,"公車站,學校,公園",OpenStreetMap300公尺,已分類,本機OSM_300公尺_v1
新北市,淡水區,新民街120巷,121.43834,25.17808,False,False,True,True,True,False,False,"公車站,學校,公園",OpenStreetMap300公尺,已分類,本機OSM_300公尺_v1
新北市,淡水區,新民街一段(台北灣社區),121.43187,25.18536,False,False,True,False,False,False,False,公車站,OpenStreetMap300公尺,已分類,本機OSM_300公尺_v1
新北市,淡水區,正德國中,121.44787,25.17851,False,False,True,True,True,True,True,"公車站,學校,公園,商圈,醫院",OpenStreetMap300公尺＋場站名稱,已分類,本機OSM_300公尺_v1
新北市,淡水區,民族路33巷,121.46346,25.13604,False,False,True,False,True,False,True,"公車站,公園,醫院",OpenStreetMap300公尺,已分類,本機OSM_300公尺_v1
新北市,淡水區,民權路3巷12弄口,121.46151,25.14288,False,False,True,True,False,False,True,"公車站,學校,醫院",OpenStreetMap300公尺,已分類,本機OSM_300公尺_v1
新北市,淡水區,水碓立體停車場,121.44423,25.17865,False,False,True,True,True,True,False,"公車站,學校,公園,商圈",OpenStreetMap300公尺,已分類,本機OSM_300公尺_v1
新北市,淡水區,水管公園,121.42059,25.19366,False,False,False,False,True,False,False,公園,OpenStreetMap300公尺＋場站名稱,已分類,本機OSM_300公尺_v1
新北市,淡水區,沙崙新民街口,121.4296,25.18832,False,False,True,False,True,False,False,"公車站,公園",OpenStreetMap300公尺,已分類,本機OSM_300公尺_v1
新北市,淡水區,沙崙路151巷口,121.42386,25.18345,False,False,True,True,True,True,False,"公車站,學校,公園,商圈",OpenStreetMap300公尺,已分類,本機OSM_300公尺_v1
新北市,淡水區,沙崙路216巷口,121.42508,25.18428,False,False,True,True,True,True,False,"公車站,學校,公園,商圈",OpenStreetMap300公尺,已分類,本機OSM_300公尺_v1
新北市,淡水區,淡水中正路停車場,121.43586,25.17308,False,False,True,True,True,False,False,"公車站,學校,公園",OpenStreetMap300公尺,已分類,本機OSM_300公尺_v1
新北市,淡水區,淡水公23公園,121.42891,25.19985,False,False,True,True,True,False,False,"公車站,學校,公園",OpenStreetMap300公尺＋場站名稱,已分類,本機OSM_300公尺_v1
新北市,淡水區,淡水國民運動中心,121.44326,25.1865,True,False,True,True,True,False,False,"捷運站,公車站,學校,公園",OpenStreetMap300公尺,已分類,本機OSM_300公尺_v1
新北市,淡水區,淡水新市鎮兒童公園,121.44227,25.18509,False,False,True,True,True,False,False,"公車站,學校,公園",OpenStreetMap300公尺＋場站名稱,已分類,本機OSM_300公尺_v1
新北市,淡水區,淡水老街廣場,121.44428,25.16891,True,False,True,False,True,True,True,"捷運站,公車站,公園,商圈,醫院",OpenStreetMap300公尺＋場站名稱,已分類,本機OSM_300公尺_v1
新北市,淡水區,淡水行政中心,121.44407,25.18696,True,False,True,True,True,False,False,"捷運站,公車站,學校,公園",OpenStreetMap300公尺,已分類,本機OSM_300公尺_v1
新北市,淡水區,淡水轉運站,121.42153,25.17915,False,False,True,True,True,False,False,"公車站,學校,公園",OpenStreetMap300公尺＋場站名稱,已分類,本機OSM_300公尺_v1
新北市,淡水區,淡江大學(水源街),121.45236,25.17457,False,False,True,True,True,False,True,"公車站,學校,公園,醫院",OpenStreetMap300公尺＋場站名稱,已分類,本機OSM_300公尺_v1
新北市,淡水區,淡江大橋橋管中心,121.42002,25.17964,True,False,True,False,True,False,False,"捷運站,公車站,公園",OpenStreetMap300公尺,已分類,本機OSM_300公尺_v1
新北市,淡水區,淡江教會文教中心,121.42311,25.19548,False,False,True,False,True,False,False,"公車站,公園",OpenStreetMap300公尺,已分類,本機OSM_300公尺_v1
新北市,淡水區,淡海路182巷口,121.42044,25.18459,False,False,True,False,True,False,False,"公車站,公園",OpenStreetMap300公尺,已分類,本機OSM_300公尺_v1
新北市,淡水區,淡金路38巷尾,121.4579,25.16083,True,False,True,True,False,False,False,"捷運站,公車站,學校",OpenStreetMap300公尺,已分類,本機OSM_300公尺_v1
新北市,淡水區,滬尾藝文休閒園區,121.42851,25.17594,False,False,True,False,True,True,False,"公車站,公園,商圈",OpenStreetMap300公尺,已分類,本機OSM_300公尺_v1
新北市,淡水區,漁人碼頭,121.41118,25.18387,False,False,True,False,True,False,False,"公車站,公園",OpenStreetMap300公尺,已分類,本機OSM_300公尺_v1
新北市,淡水區,濱海路一段111巷口(西側),121.43945,25.18928,True,False,True,False,True,False,False,"捷運站,公車站,公園",OpenStreetMap300公尺,已分類,本機OSM_300公尺_v1
新北市,淡水區,濱海路一段306巷60弄,121.44198,25.19157,False,False,True,False,False,False,False,公車站,OpenStreetMap300公尺,已分類,本機OSM_300公尺_v1
新北市,淡水區,濱海路一段306巷9弄,121.43858,25.191,True,False,True,False,False,False,False,"捷運站,公車站",OpenStreetMap300公尺,已分類,本機OSM_300公尺_v1
新北市,淡水區,濱海路一段370號,121.43942,25.18962,True,False,True,False,True,False,False,"捷運站,公車站,公園",OpenStreetMap300公尺,已分類,本機OSM_300公尺_v1
新北市,淡水區,濱海路二段/濱海路二段202巷,121.4347,25.19015,True,False,True,False,True,False,False,"捷運站,公車站,公園",OpenStreetMap300公尺,已分類,本機OSM_300公尺_v1
新北市,淡水區,濱海路二段202巷,121.43477,25.19162,False,False,True,False,True,False,False,"公車站,公園",OpenStreetMap300公尺,已分類,本機OSM_300公尺_v1
新北市,淡水區,程氏古厝,121.42902,25.18921,True,False,True,True,True,False,False,"捷運站,公車站,學校,公園",OpenStreetMap300公尺,已分類,本機OSM_300公尺_v1
新北市,淡水區,竹圍公園,121.4634,25.13823,False,False,True,False,True,False,True,"公車站,公園,醫院",OpenStreetMap300公尺＋場站名稱,已分類,本機OSM_300公尺_v1
新北市,淡水區,竹圍國小,121.45989,25.14638,False,False,True,True,True,False,False,"公車站,學校,公園",OpenStreetMap300公尺＋場站名稱,已分類,本機OSM_300公尺_v1
新北市,淡水區,竿蓁市民活動中心,121.45069,25.16504,False,False,True,False,True,False,False,"公車站,公園",OpenStreetMap300公尺,已分類,本機OSM_300公尺_v1
新北市,淡水區,美麗新淡海影城,121.43878,25.19783,False,False,True,False,False,True,True,"公車站,商圈,醫院",OpenStreetMap300公尺,已分類,本機OSM_300公尺_v1
新北市,淡水區,義山新市一路口,121.43736,25.18623,False,False,True,True,True,False,False,"公車站,學校,公園",OpenStreetMap300公尺,已分類,本機OSM_300公尺_v1
新北市,淡水區,聖約翰科技大學,121.45166,25.2275,False,False,True,True,True,False,False,"公車站,學校,公園",OpenStreetMap300公尺＋場站名稱,已分類,本機OSM_300公尺_v1
新北市,淡水區,臺北海洋科技大學,121.42746,25.1912,True,False,True,True,True,False,False,"捷運站,公車站,學校,公園",OpenStreetMap300公尺＋場站名稱,已分類,本機OSM_300公尺_v1
新北市,淡水區,衛教公園,121.4407,25.17254,False,False,True,True,True,False,True,"公車站,學校,公園,醫院",OpenStreetMap300公尺＋場站名稱,已分類,本機OSM_300公尺_v1
新北市,淡水區,輕軌崁頂站,121.43502,25.20125,True,False,True,False,False,False,False,"捷運站,公車站",OpenStreetMap300公尺＋場站名稱,已分類,本機OSM_300公尺_v1
新北市,淡水區,輕軌崁頂站(西側),121.43419,25.20153,True,False,True,False,False,False,False,"捷運站,公車站",OpenStreetMap300公尺＋場站名稱,已分類,本機OSM_300公尺_v1
新北市,淡水區,輕軌新市一路站,121.44837,25.18345,True,False,True,False,True,False,False,"捷運站,公車站,公園",OpenStreetMap300公尺＋場站名稱,已分類,本機OSM_300公尺_v1
新北市,淡水區,輕軌沙崙站,121.41696,25.18741,True,False,False,False,False,False,False,捷運站,OpenStreetMap300公尺＋場站名稱,已分類,本機OSM_300公尺_v1
新北市,淡水區,輕軌淡水行政中心站,121.44435,25.18916,True,False,True,True,True,False,False,"捷運站,公車站,學校,公園",OpenStreetMap300公尺＋場站名稱,已分類,本機OSM_300公尺_v1
新北市,淡水區,輕軌淡江大學站,121.45613,25.17653,True,False,True,True,False,False,False,"捷運站,公車站,學校",OpenStreetMap300公尺＋場站名稱,已分類,本機OSM_300公尺_v1
新北市,淡水區,輕軌淡海新市鎮站,121.43286,25.19623,True,False,True,True,False,False,False,"捷運站,公車站,學校",OpenStreetMap300公尺＋場站名稱,已分類,本機OSM_300公尺_v1
新北市,淡水區,輕軌淡金北新站,121.45245,25.1808,True,False,True,False,True,False,False,"捷運站,公車站,公園",OpenStreetMap300公尺＋場站名稱,已分類,本機OSM_300公尺_v1
新北市,淡水區,輕軌淡金鄧公站,121.45936,25.16874,True,False,True,False,False,False,False,"捷運站,公車站",OpenStreetMap300公尺＋場站名稱,已分類,本機OSM_300公尺_v1
新北市,淡水區,輕軌漁人碼頭站,121.41911,25.18209,True,False,True,False,True,False,False,"捷運站,公車站,公園",OpenStreetMap300公尺＋場站名稱,已分類,本機OSM_300公尺_v1
新北市,淡水區,輕軌濱海沙崙站,121.43106,25.19039,True,False,True,False,True,False,False,"捷運站,公車站,公園",OpenStreetMap300公尺＋場站名稱,已分類,本機OSM_300公尺_v1
新北市,淡水區,輕軌濱海義山站(西南側),121.43734,25.18961,True,False,True,False,False,False,False,"捷運站,公車站",OpenStreetMap300公尺＋場站名稱,已分類,本機OSM_300公尺_v1
新北市,淡水區,輕軌竿蓁林站,121.45607,25.16206,True,False,True,False,False,False,False,"捷運站,公車站",OpenStreetMap300公尺＋場站名稱,已分類,本機OSM_300公尺_v1
新北市,淡水區,輕軌紅樹林站,121.458868,25.155053,True,False,True,True,True,False,False,"捷運站,公車站,學校,公園",OpenStreetMap300公尺＋場站名稱,已分類,本機OSM_300公尺_v1
新北市,淡水區,鄧公路30巷,121.45241,25.16979,False,False,True,False,True,False,False,"公車站,公園",OpenStreetMap300公尺,已分類,本機OSM_300公尺_v1
新北市,深坑區,埔新街61巷口,121.61987,25.00241,False,False,True,True,True,False,False,"公車站,學校,公園",OpenStreetMap300公尺,已分類,本機OSM_300公尺_v1
新北市,深坑區,東南科技大學,121.6025,25.0033,False,False,True,True,True,False,False,"公車站,學校,公園",OpenStreetMap300公尺＋場站名稱,已分類,本機OSM_300公尺_v1
新北市,深坑區,深坑區公所(深坑老街),121.61631,25.0015,False,False,True,True,True,True,False,"公車站,學校,公園,商圈",OpenStreetMap300公尺＋場站名稱,已分類,本機OSM_300公尺_v1
新北市,深坑區,深坑國中,121.61889,25.00167,False,False,True,True,True,True,False,"公車站,學校,公園,商圈",OpenStreetMap300公尺＋場站名稱,已分類,本機OSM_300公尺_v1
新北市,深坑區,深坑松柏街,121.63852,25.01096,False,False,True,True,True,False,False,"公車站,學校,公園",OpenStreetMap300公尺,已分類,本機OSM_300公尺_v1
新北市,深坑區,深坑雲鄉路,121.62101,24.99988,False,False,True,True,True,False,False,"公車站,學校,公園",OpenStreetMap300公尺,已分類,本機OSM_300公尺_v1
新北市,烏來區,烏來公車總站,121.55139,24.86652,False,False,True,False,False,False,False,公車站,OpenStreetMap300公尺＋場站名稱,已分類,本機OSM_300公尺_v1
新北市,烏來區,烏來老街,121.55168,24.86493,False,False,True,True,False,False,False,"公車站,學校,商圈",OpenStreetMap300公尺＋場站名稱,已分類,本機OSM_300公尺_v1
新北市,瑞芳區,三貂嶺隧道(金字橋),121.82316,25.06095,False,False,False,False,False,False,False,,OpenStreetMap已查詢,300公尺內無七類設施,本機OSM_300公尺_v1
新北市,瑞芳區,水湳洞停車場,121.86443,25.12221,False,False,True,False,True,False,False,"公車站,公園",OpenStreetMap300公尺,已分類,本機OSM_300公尺_v1
新北市,瑞芳區,深澳漁港,121.81857,25.12997,False,False,True,False,True,True,False,"公車站,公園,商圈",OpenStreetMap300公尺,已分類,本機OSM_300公尺_v1
新北市,瑞芳區,深澳鐵道自行車八斗子站,121.80548,25.13417,False,True,True,False,True,False,False,"火車站,公車站,公園",OpenStreetMap300公尺,已分類,本機OSM_300公尺_v1
新北市,瑞芳區,猴硐火車站,121.82719,25.08647,False,True,True,False,True,False,False,"火車站,公車站,公園",OpenStreetMap300公尺＋場站名稱,已分類,本機OSM_300公尺_v1
新北市,瑞芳區,瑞峰橋,121.81041,25.10712,False,False,True,False,True,True,True,"公車站,公園,商圈,醫院",OpenStreetMap300公尺,已分類,本機OSM_300公尺_v1
新北市,瑞芳區,瑞芳棒球場,121.81884,25.10666,False,False,True,True,True,False,False,"公車站,學校,公園",OpenStreetMap300公尺,已分類,本機OSM_300公尺_v1
新北市,瑞芳區,瑞芳火車站,121.8065,25.10851,False,True,True,True,True,True,True,"火車站,公車站,學校,公園,商圈,醫院",OpenStreetMap300公尺＋場站名稱,已分類,本機OSM_300公尺_v1
新北市,瑞芳區,瑞芳運動公園,121.82177,25.10284,False,False,False,False,True,False,False,公園,OpenStreetMap300公尺＋場站名稱,已分類,本機OSM_300公尺_v1
新北市,石碇區,淡蘭吊橋,121.65159,25.0057,False,False,True,False,False,False,False,公車站,OpenStreetMap300公尺,已分類,本機OSM_300公尺_v1
新北市,石碇區,烏塗窟聚福宮,121.6562,24.97551,False,False,True,False,False,False,False,公車站,OpenStreetMap300公尺,已分類,本機OSM_300公尺_v1
新北市,石碇區,石碇,121.65891,24.99139,False,False,True,True,False,False,False,"公車站,學校",OpenStreetMap300公尺,已分類,本機OSM_300公尺_v1
新北市,石碇區,石碇高中,121.64372,25.01217,False,False,True,True,False,False,False,"公車站,學校",OpenStreetMap300公尺＋場站名稱,已分類,本機OSM_300公尺_v1
新北市,石門區,富基漁港,121.53624,25.29301,False,False,False,False,True,False,False,公園,OpenStreetMap300公尺,已分類,本機OSM_300公尺_v1
新北市,石門區,白沙灣,121.52209,25.28549,False,False,True,False,True,False,False,"公車站,公園",OpenStreetMap300公尺,已分類,本機OSM_300公尺_v1
新北市,石門區,石門婚紗廣場,121.53101,25.28747,False,False,True,False,True,False,False,"公車站,公園",OpenStreetMap300公尺,已分類,本機OSM_300公尺_v1
新北市,石門區,石門風箏公園停車場,121.54766,25.290158,False,False,True,True,True,False,False,"公車站,學校,公園",OpenStreetMap300公尺＋場站名稱,已分類,本機OSM_300公尺_v1
新北市,石門區,草里,121.60759,25.2807,False,False,True,False,False,False,False,公車站,OpenStreetMap300公尺,已分類,本機OSM_300公尺_v1
新北市,萬里區,大鵬停車場,121.64711,25.21194,False,False,True,True,False,False,False,"公車站,學校",OpenStreetMap300公尺,已分類,本機OSM_300公尺_v1
新北市,萬里區,獅子公園,121.70565,25.17489,False,False,False,False,True,False,False,公園,OpenStreetMap300公尺＋場站名稱,已分類,本機OSM_300公尺_v1
新北市,萬里區,翡翠灣,121.68353,25.18676,False,False,True,False,False,False,False,公車站,OpenStreetMap300公尺,已分類,本機OSM_300公尺_v1
新北市,萬里區,翡翠灣停車場,121.68493,25.19117,False,False,True,False,False,False,False,公車站,OpenStreetMap300公尺,已分類,本機OSM_300公尺_v1
新北市,萬里區,萬里區行政中心,121.68907,25.17811,False,False,True,True,True,False,False,"公車站,學校,公園",OpenStreetMap300公尺,已分類,本機OSM_300公尺_v1
新北市,萬里區,野柳地質公園,121.69042,25.20428,False,False,True,True,True,True,False,"公車站,學校,公園,商圈",OpenStreetMap300公尺＋場站名稱,已分類,本機OSM_300公尺_v1
新北市,萬里區,龜吼停車場,121.68602,25.1956,False,False,True,False,True,False,False,"公車站,公園",OpenStreetMap300公尺,已分類,本機OSM_300公尺_v1
新北市,蘆洲區,三民中山一路口,121.476,25.08223,False,False,True,True,True,True,True,"公車站,學校,公園,商圈,醫院",OpenStreetMap300公尺,已分類,本機OSM_300公尺_v1
新北市,蘆洲區,三民民族路口,121.47494,25.08367,True,False,True,True,True,True,True,"捷運站,公車站,學校,公園,商圈,醫院",OpenStreetMap300公尺,已分類,本機OSM_300公尺_v1
新北市,蘆洲區,三民長榮路口,121.4616,25.09328,True,False,True,True,True,False,False,"捷運站,公車站,學校,公園",OpenStreetMap300公尺,已分類,本機OSM_300公尺_v1
新北市,蘆洲區,三民高中(民權路),121.47393,25.08802,True,False,True,True,True,False,True,"捷運站,公車站,學校,公園,醫院",OpenStreetMap300公尺＋場站名稱,已分類,本機OSM_300公尺_v1
新北市,蘆洲區,中山一和平路口,121.47162,25.07919,False,False,True,False,False,False,True,"公車站,醫院",OpenStreetMap300公尺,已分類,本機OSM_300公尺_v1
新北市,蘆洲區,中山二永安南路口,121.46868,25.07744,False,False,True,False,True,False,False,"公車站,公園",OpenStreetMap300公尺,已分類,本機OSM_300公尺_v1
新北市,蘆洲區,中興復興路口,121.48182,25.09016,False,False,False,False,True,False,False,公園,OpenStreetMap300公尺,已分類,本機OSM_300公尺_v1
新北市,蘆洲區,九芎街90巷口,121.46567,25.08024,False,False,True,False,True,False,True,"公車站,公園,醫院",OpenStreetMap300公尺,已分類,本機OSM_300公尺_v1
新北市,蘆洲區,仁愛廣場,121.47162,25.09057,False,False,True,True,True,False,False,"公車站,學校,公園",OpenStreetMap300公尺,已分類,本機OSM_300公尺_v1
新北市,蘆洲區,仁愛街70巷口,121.47126,25.09398,False,False,True,True,False,False,False,"公車站,學校",OpenStreetMap300公尺,已分類,本機OSM_300公尺_v1
新北市,蘆洲區,光華長榮路口,121.46407,25.08188,False,False,True,False,True,False,True,"公車站,公園,醫院",OpenStreetMap300公尺,已分類,本機OSM_300公尺_v1
新北市,蘆洲區,國立空中大學(中正路174巷口),121.4672,25.08782,False,False,True,True,True,False,False,"公車站,學校,公園",OpenStreetMap300公尺＋場站名稱,已分類,本機OSM_300公尺_v1
新北市,蘆洲區,國道路二段88號,121.47198,25.07455,False,False,True,False,True,False,False,"公車站,公園",OpenStreetMap300公尺,已分類,本機OSM_300公尺_v1
新北市,蘆洲區,彩虹兒童公園,121.4646,25.08871,True,False,True,True,True,False,True,"捷運站,公車站,學校,公園,醫院",OpenStreetMap300公尺＋場站名稱,已分類,本機OSM_300公尺_v1
新北市,蘆洲區,捷運三民高中站(1號出口),121.47272,25.08582,True,False,True,True,True,True,True,"捷運站,公車站,學校,公園,商圈,醫院",OpenStreetMap300公尺＋場站名稱,已分類,本機OSM_300公尺_v1
新北市,蘆洲區,捷運三民高中站(2號出口),121.47374,25.08577,True,False,True,True,True,True,True,"捷運站,公車站,學校,公園,商圈,醫院",OpenStreetMap300公尺＋場站名稱,已分類,本機OSM_300公尺_v1
新北市,蘆洲區,捷運徐匯中學站(1號出口),121.479941,25.080312,True,False,True,True,True,True,True,"捷運站,公車站,學校,公園,商圈,醫院",OpenStreetMap300公尺＋場站名稱,已分類,本機OSM_300公尺_v1
新北市,蘆洲區,捷運蘆洲站,121.46403,25.09164,True,False,True,True,True,False,True,"捷運站,公車站,學校,公園,醫院",OpenStreetMap300公尺＋場站名稱,已分類,本機OSM_300公尺_v1
新北市,蘆洲區,捷運蘆洲站(1號出口),121.4651,25.09113,True,False,True,True,True,False,True,"捷運站,公車站,學校,公園,醫院",OpenStreetMap300公尺＋場站名稱,已分類,本機OSM_300公尺_v1
新北市,蘆洲區,捷運蘆洲站(蘆洲捷運公園),121.46358,25.09165,True,False,True,True,True,False,True,"捷運站,公車站,學校,公園,醫院",OpenStreetMap300公尺＋場站名稱,已分類,本機OSM_300公尺_v1
新北市,蘆洲區,普庵寺,121.48214,25.08801,False,False,True,True,True,True,True,"公車站,學校,公園,商圈,醫院",OpenStreetMap300公尺,已分類,本機OSM_300公尺_v1
新北市,蘆洲區,林建生紀念圖書館,121.46988,25.08843,False,False,True,True,True,False,False,"公車站,學校,公園",OpenStreetMap300公尺,已分類,本機OSM_300公尺_v1
新北市,蘆洲區,柳堤公園,121.46219,25.08799,False,False,True,True,True,False,True,"公車站,學校,公園,醫院",OpenStreetMap300公尺＋場站名稱,已分類,本機OSM_300公尺_v1
新北市,蘆洲區,正和中正路口,121.47059,25.08287,False,False,True,True,True,True,True,"公車站,學校,公園,商圈,醫院",OpenStreetMap300公尺,已分類,本機OSM_300公尺_v1
新北市,蘆洲區,民族路257巷/民族路327巷,121.47515,25.09021,False,False,True,True,True,False,False,"公車站,學校,公園",OpenStreetMap300公尺,已分類,本機OSM_300公尺_v1
新北市,蘆洲區,民族路314巷口,121.47707,25.0902,False,False,True,True,True,False,True,"公車站,學校,公園,醫院",OpenStreetMap300公尺,已分類,本機OSM_300公尺_v1
新北市,蘆洲區,水河里活動中心,121.47448,25.09345,False,False,True,False,False,False,False,公車站,OpenStreetMap300公尺,已分類,本機OSM_300公尺_v1
新北市,蘆洲區,永安兒童公園,121.48224,25.08227,True,False,True,False,True,True,True,"捷運站,公車站,公園,商圈,醫院",OpenStreetMap300公尺＋場站名稱,已分類,本機OSM_300公尺_v1
新北市,蘆洲區,永安南路九芎街71巷口,121.46607,25.07756,False,False,True,False,True,False,False,"公車站,公園",OpenStreetMap300公尺,已分類,本機OSM_300公尺_v1
新北市,蘆洲區,永安南路二段16巷口,121.46765,25.07702,False,False,True,False,True,False,False,"公車站,公園",OpenStreetMap300公尺,已分類,本機OSM_300公尺_v1
新北市,蘆洲區,永安圖書館,121.46223,25.0786,False,False,True,False,True,False,True,"公車站,公園,醫院",OpenStreetMap300公尺,已分類,本機OSM_300公尺_v1
新北市,蘆洲區,永安長安街131巷口,121.4596,25.08033,False,False,True,False,True,False,True,"公車站,公園,醫院",OpenStreetMap300公尺,已分類,本機OSM_300公尺_v1
新北市,蘆洲區,永平公園,121.45942,25.08999,False,False,True,True,True,True,True,"公車站,學校,公園,商圈,醫院",OpenStreetMap300公尺＋場站名稱,已分類,本機OSM_300公尺_v1
新北市,蘆洲區,永平公園(東南側),121.45909,25.08985,False,False,True,True,True,True,True,"公車站,學校,公園,商圈,醫院",OpenStreetMap300公尺＋場站名稱,已分類,本機OSM_300公尺_v1
新北市,蘆洲區,永康公園,121.45821,25.08492,False,False,True,True,True,False,True,"公車站,學校,公園,醫院",OpenStreetMap300公尺＋場站名稱,已分類,本機OSM_300公尺_v1
新北市,蘆洲區,溪墘公園,121.47621,25.07997,True,False,True,True,True,False,True,"捷運站,公車站,學校,公園,醫院",OpenStreetMap300公尺＋場站名稱,已分類,本機OSM_300公尺_v1
新北市,蘆洲區,蘆洲三民公園,121.46013,25.09431,True,False,True,True,True,False,False,"捷運站,公車站,學校,公園",OpenStreetMap300公尺＋場站名稱,已分類,本機OSM_300公尺_v1
新北市,蘆洲區,蘆洲中原公園,121.46389,25.08332,False,False,True,True,True,False,True,"公車站,學校,公園,醫院",OpenStreetMap300公尺＋場站名稱,已分類,本機OSM_300公尺_v1
新北市,蘆洲區,蘆洲中山立體停車場,121.47325,25.08355,True,False,True,True,True,True,True,"捷運站,公車站,學校,公園,商圈,醫院",OpenStreetMap300公尺,已分類,本機OSM_300公尺_v1
新北市,蘆洲區,蘆洲中路公園,121.46822,25.0818,False,False,True,True,True,False,True,"公車站,學校,公園,醫院",OpenStreetMap300公尺＋場站名稱,已分類,本機OSM_300公尺_v1
新北市,蘆洲區,蘆洲仁愛國小(水湳街),121.46947,25.09209,False,False,True,True,True,False,False,"公車站,學校,公園",OpenStreetMap300公尺＋場站名稱,已分類,本機OSM_300公尺_v1
新北市,蘆洲區,蘆洲兒五公園,121.48056,25.08858,False,False,True,True,True,False,True,"公車站,學校,公園,醫院",OpenStreetMap300公尺＋場站名稱,已分類,本機OSM_300公尺_v1
新北市,蘆洲區,蘆洲兒四公園,121.47625,25.08871,True,False,True,True,True,False,True,"捷運站,公車站,學校,公園,醫院",OpenStreetMap300公尺＋場站名稱,已分類,本機OSM_300公尺_v1
新北市,蘆洲區,蘆洲國民運動中心,121.46161,25.09195,True,False,True,True,True,True,False,"捷運站,公車站,學校,公園,商圈",OpenStreetMap300公尺,已分類,本機OSM_300公尺_v1
新北市,蘆洲區,蘆洲延平派出所,121.46162,25.08162,False,False,True,False,True,False,True,"公車站,公園,醫院",OpenStreetMap300公尺,已分類,本機OSM_300公尺_v1
新北市,蘆洲區,蘆洲李宅古蹟,121.46655,25.08496,False,False,True,True,True,False,True,"公車站,學校,公園,醫院",OpenStreetMap300公尺,已分類,本機OSM_300公尺_v1
新北市,蘆洲區,蘆洲環河公園,121.46046,25.09516,True,False,True,False,True,False,False,"捷運站,公車站,公園",OpenStreetMap300公尺＋場站名稱,已分類,本機OSM_300公尺_v1
新北市,蘆洲區,蘆洲重陽大樓,121.48189,25.08506,False,False,True,False,True,True,True,"公車站,公園,商圈,醫院",OpenStreetMap300公尺,已分類,本機OSM_300公尺_v1
新北市,蘆洲區,蘆洲鷺江停車場,121.47693,25.08619,True,False,True,True,True,False,True,"捷運站,公車站,學校,公園,醫院",OpenStreetMap300公尺,已分類,本機OSM_300公尺_v1
新北市,蘆洲區,重陽公園,121.484,25.0857,False,False,True,False,True,True,True,"公車站,公園,商圈,醫院",OpenStreetMap300公尺＋場站名稱,已分類,本機OSM_300公尺_v1
新北市,蘆洲區,長榮路211巷口,121.46108,25.08478,False,False,True,False,True,False,True,"公車站,公園,醫院",OpenStreetMap300公尺,已分類,本機OSM_300公尺_v1
新北市,蘆洲區,長興光華路186巷口,121.46429,25.08285,False,False,True,True,True,False,True,"公車站,學校,公園,醫院",OpenStreetMap300公尺,已分類,本機OSM_300公尺_v1
新北市,蘆洲區,鴨母港停車場,121.45584,25.08283,False,False,True,True,True,False,True,"公車站,學校,公園,醫院",OpenStreetMap300公尺,已分類,本機OSM_300公尺_v1
新北市,蘆洲區,鴨母港抽水站,121.45673,25.08294,False,False,True,True,True,False,True,"公車站,學校,公園,醫院",OpenStreetMap300公尺,已分類,本機OSM_300公尺_v1
新北市,蘆洲區,鷺江國中(長興路298巷),121.46106,25.09005,True,False,True,True,True,True,True,"捷運站,公車站,學校,公園,商圈,醫院",OpenStreetMap300公尺＋場站名稱,已分類,本機OSM_300公尺_v1
新北市,蘆洲區,鷺江廣場,121.47769,25.08562,True,False,True,True,True,False,True,"捷運站,公車站,學校,公園,醫院",OpenStreetMap300公尺,已分類,本機OSM_300公尺_v1
新北市,貢寮區,澳底公園,121.92559,25.05349,False,False,True,True,True,True,False,"公車站,學校,公園,商圈",OpenStreetMap300公尺＋場站名稱,已分類,本機OSM_300公尺_v1
新北市,貢寮區,貢寮區公所,121.90614,25.02088,False,True,True,False,True,False,False,"火車站,公車站,公園",OpenStreetMap300公尺,已分類,本機OSM_300公尺_v1
新北市,貢寮區,龍門運動公園,121.93129,25.02706,False,False,True,True,True,False,False,"公車站,學校,公園",OpenStreetMap300公尺＋場站名稱,已分類,本機OSM_300公尺_v1
新北市,金山區,中山溫泉公園,121.64177,25.22108,False,False,True,False,True,False,True,"公車站,公園,醫院",OpenStreetMap300公尺＋場站名稱,已分類,本機OSM_300公尺_v1
新北市,金山區,中山環金路口,121.6414,25.21794,False,False,True,False,True,False,False,"公車站,公園",OpenStreetMap300公尺,已分類,本機OSM_300公尺_v1
新北市,金山區,中角灣,121.63234,25.239,False,False,True,True,False,False,False,"公車站,學校",OpenStreetMap300公尺,已分類,本機OSM_300公尺_v1
新北市,金山區,臺大醫院金山分院,121.62916,25.21974,False,False,True,False,False,False,True,"公車站,醫院",OpenStreetMap300公尺＋場站名稱,已分類,本機OSM_300公尺_v1
新北市,金山區,金山八德街,121.63469,25.22365,False,False,True,True,True,False,False,"公車站,學校,公園",OpenStreetMap300公尺,已分類,本機OSM_300公尺_v1
新北市,金山區,金山立體停車場(中興路),121.64169,25.22043,False,False,True,False,True,False,True,"公車站,公園,醫院",OpenStreetMap300公尺,已分類,本機OSM_300公尺_v1
新北市,金山區,金美國小,121.63633,25.21973,False,False,True,True,True,True,True,"公車站,學校,公園,商圈,醫院",OpenStreetMap300公尺＋場站名稱,已分類,本機OSM_300公尺_v1
新北市,雙溪區,牡丹車站,121.8518644,25.0590226,False,True,True,False,False,False,False,"火車站,公車站",OpenStreetMap300公尺＋場站名稱,已分類,本機OSM_300公尺_v1
新北市,雙溪區,雙溪車站,121.8665,25.03914,False,True,True,False,True,False,True,"火車站,公車站,公園,醫院",OpenStreetMap300公尺＋場站名稱,已分類,本機OSM_300公尺_v1
新北市,鶯歌區,三鶯水資源回收中心,121.35996,24.95535,False,False,True,False,True,False,False,"公車站,公園",OpenStreetMap300公尺,已分類,本機OSM_300公尺_v1
新北市,鶯歌區,中正一仁愛路口,121.3532,24.95672,False,False,True,True,True,True,True,"公車站,學校,公園,商圈,醫院",OpenStreetMap300公尺,已分類,本機OSM_300公尺_v1
新北市,鶯歌區,中湖市民活動中心,121.347205,24.972915,False,False,True,True,False,False,False,"公車站,學校",OpenStreetMap300公尺,已分類,本機OSM_300公尺_v1
新北市,鶯歌區,二橋派出所,121.33884,24.94216,False,False,True,True,True,False,False,"公車站,學校,公園",OpenStreetMap300公尺,已分類,本機OSM_300公尺_v1
新北市,鶯歌區,二橋虹橋公園,121.32595,24.93453,False,False,True,False,True,False,False,"公車站,公園",OpenStreetMap300公尺＋場站名稱,已分類,本機OSM_300公尺_v1
新北市,鶯歌區,光明橋,121.34128,24.95577,True,False,True,True,True,True,False,"捷運站,公車站,學校,公園,商圈",OpenStreetMap300公尺,已分類,本機OSM_300公尺_v1
新北市,鶯歌區,光明育智路口,121.3456,24.95587,False,False,True,True,True,True,False,"公車站,學校,公園,商圈",OpenStreetMap300公尺,已分類,本機OSM_300公尺_v1
新北市,鶯歌區,公八停車場,121.34285,24.95515,True,False,True,True,True,True,False,"捷運站,公車站,學校,公園,商圈",OpenStreetMap300公尺,已分類,本機OSM_300公尺_v1
新北市,鶯歌區,北鶯停車場,121.35992,24.95567,False,False,True,False,True,False,False,"公車站,公園",OpenStreetMap300公尺,已分類,本機OSM_300公尺_v1
新北市,鶯歌區,北鶯公園,121.35942,24.95777,False,False,True,False,True,False,False,"公車站,公園",OpenStreetMap300公尺＋場站名稱,已分類,本機OSM_300公尺_v1
新北市,鶯歌區,南雅育智路口,121.346,24.954,True,False,True,True,True,True,False,"捷運站,公車站,學校,公園,商圈",OpenStreetMap300公尺,已分類,本機OSM_300公尺_v1
新北市,鶯歌區,國中二甲路口,121.33868650698288,24.939489067109363,False,False,True,True,False,False,False,"公車站,學校",OpenStreetMap300公尺＋場站名稱,已分類,本機OSM_300公尺_v1
新北市,鶯歌區,國中高職東街口,121.34116,24.94117,False,False,True,True,True,False,False,"公車站,學校,公園",OpenStreetMap300公尺＋場站名稱,已分類,本機OSM_300公尺_v1
新北市,鶯歌區,國際一路112巷口,121.33579,24.97667,False,False,True,False,False,False,False,公車站,OpenStreetMap300公尺,已分類,本機OSM_300公尺_v1
新北市,鶯歌區,國際二國際一路口,121.3353,24.97577,False,False,True,False,False,False,False,公車站,OpenStreetMap300公尺,已分類,本機OSM_300公尺_v1
新北市,鶯歌區,尖山公園,121.346,24.9482,False,False,True,True,True,False,False,"公車站,學校,公園",OpenStreetMap300公尺＋場站名稱,已分類,本機OSM_300公尺_v1
新北市,鶯歌區,尖山國中,121.34207,24.94381,False,False,True,True,True,False,False,"公車站,學校,公園",OpenStreetMap300公尺＋場站名稱,已分類,本機OSM_300公尺_v1
新北市,鶯歌區,尖山路高厝巷口,121.34102,24.94495,False,False,True,True,False,False,False,"公車站,學校",OpenStreetMap300公尺,已分類,本機OSM_300公尺_v1
新北市,鶯歌區,建國中正一路口(北鶯社區),121.35692,24.95658,False,True,True,False,True,False,True,"火車站,公車站,學校,公園,醫院",OpenStreetMap300公尺＋場站名稱,已分類,本機OSM_300公尺_v1
新北市,鶯歌區,建國國小,121.34727,24.95521,False,False,True,True,True,False,False,"公車站,學校,公園",OpenStreetMap300公尺＋場站名稱,已分類,本機OSM_300公尺_v1
新北市,鶯歌區,捷運國華站,121.34251,24.95535,True,False,True,True,True,True,False,"捷運站,公車站,學校,公園,商圈",OpenStreetMap300公尺＋場站名稱,已分類,本機OSM_300公尺_v1
新北市,鶯歌區,捷運國華站(2號出口),121.34301,24.95374,True,False,True,True,True,True,False,"捷運站,公車站,學校,公園,商圈",OpenStreetMap300公尺＋場站名稱,已分類,本機OSM_300公尺_v1
新北市,鶯歌區,捷運永吉公園站,121.33476,24.96048,True,False,True,True,True,False,False,"捷運站,公車站,學校,公園",OpenStreetMap300公尺＋場站名稱,已分類,本機OSM_300公尺_v1
新北市,鶯歌區,捷運陶瓷老街站,121.35065,24.95212,True,False,True,False,True,True,True,"捷運站,公車站,公園,商圈,醫院",OpenStreetMap300公尺＋場站名稱,已分類,本機OSM_300公尺_v1
新北市,鶯歌區,捷運鶯桃福德站,121.33044,24.96704,True,False,True,True,True,False,True,"捷運站,公車站,學校,公園,醫院",OpenStreetMap300公尺＋場站名稱,已分類,本機OSM_300公尺_v1
新北市,鶯歌區,捷運鶯歌車站,121.35668,24.95322,True,True,True,True,True,False,False,"捷運站,火車站,公車站,學校,公園",OpenStreetMap300公尺＋場站名稱,已分類,本機OSM_300公尺_v1
新北市,鶯歌區,文化館前路口,121.35291,24.94948,False,False,True,False,True,False,False,"公車站,公園",OpenStreetMap300公尺,已分類,本機OSM_300公尺_v1
新北市,鶯歌區,新北市立圖書館鶯歌分館,121.34946,24.9572,False,False,True,False,True,False,False,"公車站,公園",OpenStreetMap300公尺,已分類,本機OSM_300公尺_v1
新北市,鶯歌區,新北市立鶯歌高級工商職業學校,121.33488,24.93923,False,False,True,True,False,False,False,"公車站,學校",OpenStreetMap300公尺＋場站名稱,已分類,本機OSM_300公尺_v1
新北市,鶯歌區,新鳳公園,121.32474,24.9732,False,False,True,False,True,False,True,"公車站,公園,醫院",OpenStreetMap300公尺＋場站名稱,已分類,本機OSM_300公尺_v1
新北市,鶯歌區,永吉國小,121.33308,24.95865,True,False,True,True,True,False,False,"捷運站,公車站,學校,公園",OpenStreetMap300公尺＋場站名稱,已分類,本機OSM_300公尺_v1
新北市,鶯歌區,永和街65巷口,121.3331413,24.96798,False,False,True,True,True,False,False,"公車站,學校,公園",OpenStreetMap300公尺,已分類,本機OSM_300公尺_v1
新北市,鶯歌區,永昌里兒一公園,121.33959628800724,24.956649374562204,False,False,True,True,True,False,False,"公車站,學校,公園",OpenStreetMap300公尺＋場站名稱,已分類,本機OSM_300公尺_v1
新北市,鶯歌區,礫間停車場,121.35445,24.9518,True,False,True,True,True,True,True,"捷運站,公車站,學校,公園,商圈,醫院",OpenStreetMap300公尺,已分類,本機OSM_300公尺_v1
新北市,鶯歌區,育英建國路口,121.34693,24.95356,True,False,True,True,True,True,False,"捷運站,公車站,學校,公園,商圈",OpenStreetMap300公尺,已分類,本機OSM_300公尺_v1
新北市,鶯歌區,臺鐵鳳鳴站,121.33674,24.97227,False,True,True,False,False,False,False,"火車站,公車站",OpenStreetMap300公尺＋場站名稱,已分類,本機OSM_300公尺_v1
新北市,鶯歌區,臺鐵鳳鳴站(鶯歌路),121.33651,24.97189,False,True,True,True,False,False,False,"火車站,公車站,學校",OpenStreetMap300公尺＋場站名稱,已分類,本機OSM_300公尺_v1
新北市,鶯歌區,鳳一鳳吉一街口,121.3317,24.97677,False,False,True,False,True,False,False,"公車站,公園",OpenStreetMap300公尺,已分類,本機OSM_300公尺_v1
新北市,鶯歌區,鳳七鶯歌路口,121.33193,24.96916,False,False,True,True,True,False,True,"公車站,學校,公園,醫院",OpenStreetMap300公尺,已分類,本機OSM_300公尺_v1
新北市,鶯歌區,鳳三龍七路口,121.33467,24.97204,False,True,True,False,False,False,False,"火車站,公車站",OpenStreetMap300公尺,已分類,本機OSM_300公尺_v1
新北市,鶯歌區,鳳五路122號前,121.32991,24.97316,False,False,False,False,True,False,False,公園,OpenStreetMap300公尺,已分類,本機OSM_300公尺_v1
新北市,鶯歌區,鳳吉四鳳七路口(捷士匯社區),121.32769,24.97383,False,False,True,False,True,False,False,"公車站,公園",OpenStreetMap300公尺,已分類,本機OSM_300公尺_v1
新北市,鶯歌區,鳳祥公園,121.33025,24.96283,False,False,False,False,True,False,False,公園,OpenStreetMap300公尺＋場站名稱,已分類,本機OSM_300公尺_v1
新北市,鶯歌區,鳳福公園,121.32938,24.97572,False,False,False,False,True,False,False,公園,OpenStreetMap300公尺＋場站名稱,已分類,本機OSM_300公尺_v1
新北市,鶯歌區,鳳福鳳三路口,121.33143,24.97567,False,False,True,False,True,False,False,"公車站,公園",OpenStreetMap300公尺,已分類,本機OSM_300公尺_v1
新北市,鶯歌區,鳳鳴國小,121.3347,24.9692,False,False,True,True,True,False,False,"公車站,學校,公園",OpenStreetMap300公尺＋場站名稱,已分類,本機OSM_300公尺_v1
新北市,鶯歌區,鳳鳴機器人公園,121.33465,24.96618,False,False,True,True,True,False,False,"公車站,學校,公園",OpenStreetMap300公尺＋場站名稱,已分類,本機OSM_300公尺_v1
新北市,鶯歌區,鶯歌國中,121.34256,24.95119,True,False,True,True,True,True,False,"捷運站,公車站,學校,公園,商圈",OpenStreetMap300公尺＋場站名稱,已分類,本機OSM_300公尺_v1
新北市,鶯歌區,鶯歌國民運動中心,121.35733,24.95139,True,False,True,True,True,False,False,"捷運站,公車站,學校,公園",OpenStreetMap300公尺,已分類,本機OSM_300公尺_v1
新北市,鶯歌區,鶯歌永利街,121.33911,24.95495,False,False,True,True,True,False,False,"公車站,學校,公園",OpenStreetMap300公尺,已分類,本機OSM_300公尺_v1
新北市,鶯歌區,鶯歌火車站(仁愛路),121.35441,24.95559,True,True,True,True,True,True,True,"捷運站,火車站,公車站,學校,公園,商圈,醫院",OpenStreetMap300公尺＋場站名稱,已分類,本機OSM_300公尺_v1
新北市,鶯歌區,鶯歌火車站(仁愛路62號),121.35407,24.95505,True,True,True,True,True,True,True,"捷運站,火車站,公車站,學校,公園,商圈,醫院",OpenStreetMap300公尺＋場站名稱,已分類,本機OSM_300公尺_v1
新北市,鶯歌區,鶯歌火車站(文化路),121.35697,24.95536,True,True,True,True,True,False,True,"捷運站,火車站,公車站,學校,公園,醫院",OpenStreetMap300公尺＋場站名稱,已分類,本機OSM_300公尺_v1
新北市,鶯歌區,鶯歌老街第二停車場,121.34227,24.94895,False,False,True,True,True,False,False,"公車站,學校,公園,商圈",OpenStreetMap300公尺＋場站名稱,已分類,本機OSM_300公尺_v1
新北市,鶯歌區,鶯歌陶瓷博物館,121.35245,24.95012,False,False,True,False,True,False,False,"公車站,公園",OpenStreetMap300公尺,已分類,本機OSM_300公尺_v1
新北市,鶯歌區,鶯歌陶瓷老街,121.351,24.95219,True,False,True,False,True,True,True,"捷運站,公車站,公園,商圈,醫院",OpenStreetMap300公尺＋場站名稱,已分類,本機OSM_300公尺_v1
新北市,鶯歌區,龍三鳳鳴路口,121.33137,24.97286,False,False,False,False,True,False,False,公園,OpenStreetMap300公尺,已分類,本機OSM_300公尺_v1
新北市,鶯歌區,龍五鳳七路口,121.33101,24.97043,False,False,True,True,True,False,True,"公車站,學校,公園,醫院",OpenStreetMap300公尺,已分類,本機OSM_300公尺_v1
新北市,鶯歌區,龍鳳夜市,121.33331,24.97329,False,False,True,False,False,False,False,"公車站,商圈",OpenStreetMap300公尺＋場站名稱,已分類,本機OSM_300公尺_v1
